Num_Acc,nearest_pompiers_min_osrm,nearest_sau_min_osrm
202200000009,4.71,2.84
202200000072,8.34,20.15
202200000073,4.84,27.33
202200000074,4.69,12.0
202200000112,2.0,24.95
202200000215,10.57,17.73
202200000315,2.14,7.01
202200000368,4.44,7.96
202200000388,8.82,11.77
202200000439,4.83,16.42
202200000515,3.7,2.93
202200000618,8.47,9.74
202200000815,5.74,4.69
202200000818,4.19,6.9
202200000866,8.47,13.1
202200000867,3.12,7.35
202200000973,2.2,5.78
202200000979,1.49,15.96
202200001091,5.17,2.84
202200001155,5.04,3.27
202200001156,7.6,4.99
202200001276,8.68,9.2
202200001311,9.51,11.69
202200001392,9.07,9.0
202200001393,4.77,7.64
202200001460,7.51,7.51
202200001461,1.71,16.09
202200001473,7.91,15.03
202200001527,5.51,13.2
202200001528,4.61,2.87
202200001529,8.62,6.02
202200001562,4.61,1.4
202200001601,13.18,24.14
202200001602,14.4,27.12
202200001732,3.28,7.08
202200001867,4.42,2.64
202200001871,8.03,11.61
202200001875,3.6,5.57
202200001907,2.07,10.91
202200001909,4.22,6.18
202200002191,3.45,5.42
202200002196,5.66,10.03
202200002199,8.19,11.4
202200002210,3.82,7.94
202200002212,1.81,31.07
202200002217,11.17,27.26
202200002220,6.27,19.06
202200002252,3.59,24.53
202200002493,6.92,10.63
202200002495,2.06,9.29
202200002497,4.67,2.9
202200002527,6.0,8.41
202200002540,6.65,6.96
202200002650,3.12,5.09
202200002651,4.52,10.22
202200002652,5.7,7.81
202200002717,5.62,4.84
202200002737,0.96,26.29
202200002845,11.19,8.58
202200002948,4.02,4.24
202200002974,6.31,4.44
202200002992,6.69,7.42
202200002993,8.12,11.9
202200002994,7.99,6.57
202200003018,8.3,17.04
202200003030,12.39,9.65
202200003053,6.06,23.79
202200003087,4.21,18.72
202200003090,12.19,13.68
202200003327,0.79,62.56
202200003410,0.98,22.0
202200003513,3.58,4.78
202200003518,1.51,2.56
202200003523,7.18,4.19
202200003527,5.5,13.57
202200003610,6.97,10.12
202200003613,3.92,5.9
202200003618,2.77,7.82
202200003623,1.24,5.66
202200003629,4.67,12.74
202200003635,5.49,2.88
202200003640,4.67,2.94
202200003809,3.17,3.37
202200003810,5.05,6.02
202200003813,7.96,5.35
202200004157,29.67,28.0
202200004158,7.19,6.6
202200004328,3.11,3.15
202200004344,2.03,5.36
202200004346,3.92,6.5
202200004467,0.45,38.1
202200004527,6.83,4.49
202200004541,4.49,3.89
202200004624,7.33,22.36
202200004686,5.36,2.12
202200004732,1.7,20.07
202200004795,3.32,5.29
202200005015,0.77,30.43
202200005135,5.71,5.91
202200005137,4.01,3.87
202200005141,5.78,5.42
202200005173,2.35,7.49
202200005283,3.76,6.47
202200005285,3.14,4.3
202200005291,2.69,5.13
202200005297,3.2,5.99
202200005302,5.69,7.89
202200005309,5.06,2.37
202200005320,4.36,9.27
202200005339,2.19,5.99
202200005346,6.05,10.92
202200005349,5.76,5.48
202200005354,6.21,3.61
202200005648,4.33,2.24
202200005927,0.87,24.56
202200005943,4.23,8.02
202200005944,4.69,11.8
202200006096,7.13,4.73
202200006098,7.13,10.29
202200006216,7.5,23.2
202200006218,2.17,29.32
202200006260,3.59,10.93
202200006383,4.37,8.16
202200006435,7.69,26.87
202200006461,8.59,11.55
202200006474,11.76,25.68
202200006532,2.78,3.49
202200006533,3.27,6.21
202200006534,3.6,3.56
202200006535,4.07,6.02
202200006592,1.12,4.87
202200006596,7.84,25.18
202200006623,6.8,33.07
202200006636,2.4,3.07
202200006739,3.73,5.7
202200006768,12.0,39.25
202200006770,7.0,17.97
202200006839,1.14,1.14
202200006894,7.5,5.11
202200006897,1.47,7.79
202200006972,3.95,4.29
202200006992,4.54,3.77
202200006993,3.23,2.22
202200006994,3.89,3.22
202200006996,7.66,9.03
202200007069,1.26,18.28
202200007088,15.44,18.38
202200007222,14.31,15.81
202200007256,8.88,16.11
202200007259,8.57,15.65
202200007271,6.85,11.48
202200007272,0.78,26.06
202200007275,4.76,23.28
202200007277,5.78,8.78
202200007359,3.68,6.48
202200007362,1.68,8.25
202200007368,4.94,4.76
202200007398,6.66,7.64
202200007444,5.91,15.08
202200007564,2.6,28.54
202200007579,20.98,22.47
202200007580,4.03,6.92
202200007585,3.81,2.04
202200007632,3.75,3.03
202200007688,4.33,1.56
202200007692,4.39,4.03
202200007696,5.12,4.06
202200007701,2.35,7.18
202200007716,9.92,15.71
202200007823,6.9,25.55
202200007896,1.63,7.86
202200007897,6.19,6.57
202200007898,5.42,9.2
202200007928,4.03,3.42
202200007934,2.33,7.3
202200007936,7.04,8.65
202200007974,4.37,3.15
202200008014,8.53,7.76
202200008024,9.01,14.69
202200008070,13.3,26.83
202200008105,3.19,26.87
202200008251,2.83,8.62
202200008253,6.3,9.37
202200008254,3.17,8.61
202200008256,4.85,3.08
202200008303,6.06,10.92
202200008304,3.19,5.99
202200008305,5.56,9.01
202200008374,4.94,17.87
202200008401,6.08,25.5
202200008435,1.73,8.36
202200008436,5.17,7.88
202200008439,4.48,7.15
202200008472,3.12,5.08
202200008493,1.56,20.86
202200008564,2.72,4.69
202200008565,5.9,6.28
202200008566,6.65,9.79
202200008567,4.03,8.05
202200008656,12.96,14.46
202200008690,13.24,20.16
202200008697,5.39,53.58
202200008751,1.0,3.31
202200008843,2.4,11.88
202200008903,6.29,7.3
202200008906,6.52,9.59
202200008908,1.48,7.81
202200008910,4.36,8.0
202200008912,3.59,9.65
202200009215,3.23,7.46
202200009331,1.46,7.78
202200009336,4.27,8.31
202200009342,3.71,6.74
202200009387,0.21,26.63
202200009437,13.23,30.75
202200009452,5.46,5.28
202200009457,0.98,5.28
202200009458,2.33,9.5
202200009465,9.38,14.32
202200009675,6.26,10.01
202200009687,4.01,8.25
202200009719,5.96,10.35
202200009740,6.02,2.91
202200009809,3.82,3.05
202200009842,8.9,10.82
202200009956,2.87,5.67
202200009957,4.49,3.72
202200009959,3.39,6.09
202200009961,5.18,2.99
202200010003,4.3,27.67
202200010054,2.02,5.96
202200010055,12.99,14.75
202200010061,7.74,8.11
202200010075,13.12,10.38
202200010171,19.5,26.06
202200010266,3.42,11.67
202200010300,5.94,8.39
202200010332,2.0,5.71
202200010335,4.22,8.01
202200010337,4.98,5.61
202200010424,5.34,6.85
202200010444,4.52,26.56
202200010466,5.39,15.35
202200010514,3.39,14.83
202200010524,19.12,36.63
202200010549,4.49,21.89
202200010578,10.41,11.36
202200010679,12.81,31.05
202200010917,5.63,6.28
202200010924,5.4,4.67
202200010991,4.17,6.14
202200010993,2.22,27.83
202200010994,3.35,7.45
202200010997,4.87,6.84
202200011115,5.94,9.35
202200011118,3.42,3.28
202200011120,3.79,7.89
202200011125,4.09,3.94
202200011129,2.15,8.45
202200011149,4.6,6.1
202200011161,7.52,19.12
202200011355,3.23,5.94
202200011359,7.76,11.32
202200011390,7.44,25.29
202200011532,7.67,17.29
202200011559,7.19,6.6
202200011683,8.81,12.27
202200011685,4.24,8.47
202200011686,3.99,5.55
202200011696,1.87,8.72
202200011728,9.55,11.09
202200011742,4.7,2.86
202200011795,3.27,18.87
202200011830,8.09,29.7
202200011933,6.9,9.96
202200011935,3.53,5.5
202200011938,4.79,9.13
202200011942,5.97,4.96
202200012027,2.66,6.51
202200012067,4.05,27.41
202200012149,6.47,34.85
202200012185,2.88,4.87
202200012225,6.06,10.28
202200012227,4.32,8.11
202200012367,6.86,14.09
202200012369,10.52,18.6
202200012486,6.26,10.48
202200012549,3.6,4.55
202200012551,2.62,1.26
202200012567,3.26,12.92
202200012569,5.95,4.6
202200012679,4.05,8.12
202200012732,5.55,4.31
202200012733,5.04,5.69
202200012734,3.02,4.99
202200012806,2.68,3.68
202200012864,2.98,9.57
202200012867,5.31,8.77
202200012965,12.68,10.98
202200013043,3.26,7.36
202200013062,6.96,9.16
202200013127,2.66,9.82
202200013131,3.62,9.31
202200013134,3.14,4.03
202200013140,6.79,4.18
202200013144,3.82,28.82
202200013182,4.31,3.53
202200013244,10.61,36.83
202200013324,11.25,35.76
202200013426,5.41,3.78
202200013484,6.26,10.48
202200013512,4.56,7.5
202200013591,2.79,6.54
202200013608,7.0,11.28
202200013659,0.65,24.33
202200013668,10.09,11.6
202200013829,6.14,9.23
202200013862,5.05,6.61
202200013891,12.65,20.0
202200013994,5.99,8.06
202200013998,2.86,8.33
202200014099,6.96,4.83
202200014156,1.9,4.08
202200014230,11.51,7.94
202200014339,3.03,7.56
202200014531,5.97,8.28
202200014579,4.24,25.11
202200014624,1.19,25.86
202200014871,4.5,6.73
202200014874,5.65,8.7
202200014875,4.29,7.75
202200014877,2.48,5.28
202200014878,7.37,4.78
202200014881,3.56,3.14
202200014891,4.01,13.63
202200014897,2.62,25.22
202200014972,2.02,2.75
202200014992,7.79,21.07
202200015000,6.03,7.55
202200015002,4.16,18.76
202200015034,11.62,18.21
202200015062,6.94,18.43
202200015109,6.68,23.38
202200015114,9.11,35.51
202200015118,3.92,13.49
202200015266,3.43,3.79
202200015289,9.38,13.5
202200015303,1.9,2.63
202200015377,11.25,16.47
202200015389,6.15,11.1
202200015414,2.39,25.92
202200015573,2.59,20.95
202200015616,4.88,4.19
202200015663,1.48,25.38
202200015760,9.42,31.21
202200015969,10.17,14.02
202200015974,1.39,24.77
202200016022,5.49,23.77
202200016163,4.95,6.04
202200016191,1.57,10.37
202200016192,10.78,26.48
202200016278,12.0,25.46
202200016283,0.88,16.76
202200016330,4.97,3.9
202200016331,5.78,3.6
202200016332,6.76,8.05
202200016424,9.78,16.45
202200016558,4.81,7.64
202200016638,3.67,9.36
202200016642,0.83,7.15
202200016647,0.88,10.01
202200016659,5.21,22.28
202200016727,8.89,25.64
202200016730,11.38,25.8
202200016779,4.64,7.52
202200016887,4.39,28.06
202200017008,17.96,19.45
202200017123,7.4,12.62
202200017173,15.94,14.27
202200017245,3.7,9.22
202200017317,2.19,5.52
202200017327,2.8,6.6
202200017332,4.44,3.43
202200017376,6.54,8.85
202200017399,3.22,9.74
202200017402,4.6,3.59
202200017406,6.85,9.91
202200017410,7.14,14.0
202200017414,4.72,6.68
202200017477,7.03,7.03
202200017558,5.63,6.61
202200017616,2.22,7.19
202200017617,4.1,9.79
202200017740,5.84,5.06
202200017810,8.08,14.23
202200017823,7.0,9.94
202200017911,5.92,12.09
202200018106,8.49,19.38
202200018126,9.0,34.08
202200018193,4.58,3.52
202200018244,3.33,9.8
202200018317,0.45,37.0
202200018335,7.25,3.32
202200018338,6.19,4.46
202200018398,4.48,4.3
202200018419,6.78,11.51
202200018425,3.32,8.34
202200018429,5.31,10.61
202200018521,7.25,4.76
202200018539,4.3,22.87
202200018641,7.16,5.42
202200018644,2.63,3.36
202200018713,4.5,5.28
202200018894,1.48,25.73
202200018903,1.2,24.4
202200018959,6.02,3.42
202200019055,7.16,9.51
202200019135,6.02,8.1
202200019137,1.97,3.02
202200019140,6.54,3.94
202200019190,7.73,5.93
202200019206,5.9,9.1
202200019208,5.07,8.86
202200019249,7.83,19.64
202200019250,4.72,3.97
202200019251,8.6,7.69
202200019361,7.4,40.43
202200019380,8.6,21.96
202200019420,2.17,16.2
202200019431,26.17,24.63
202200019516,2.48,10.78
202200019517,5.58,9.67
202200019547,6.53,7.31
202200019631,4.98,6.29
202200019813,6.88,9.19
202200019909,5.9,5.71
202200019911,5.35,3.13
202200019916,6.18,8.37
202200020048,4.5,3.21
202200020054,4.8,7.51
202200020110,3.53,3.9
202200020111,1.79,3.76
202200020149,2.83,6.25
202200020196,4.33,12.19
202200020204,6.61,7.35
202200020315,5.27,3.06
202200020316,5.9,5.78
202200020424,1.28,21.39
202200020560,5.11,8.11
202200020685,8.98,16.09
202200020895,3.01,9.6
202200020896,7.37,5.5
202200020984,7.8,17.9
202200020986,1.39,32.44
202200021110,5.0,10.02
202200021113,2.26,2.48
202200021162,1.96,6.01
202200021274,3.52,17.64
202200021381,4.48,12.88
202200021430,6.32,29.34
202200021568,3.07,6.16
202200021571,4.06,7.42
202200021581,7.48,10.09
202200021734,5.69,8.7
202200021834,9.71,8.29
202200021838,3.2,7.46
202200021935,3.08,6.83
202200021940,19.96,31.56
202200021945,2.57,25.95
202200021970,6.12,31.88
202200022047,6.2,9.27
202200022049,4.58,6.55
202200022140,6.11,4.63
202200022148,4.07,4.27
202200022295,2.57,7.75
202200022296,5.86,4.5
202200022297,2.57,8.66
202200022350,0.88,10.0
202200022404,4.12,3.62
202200022408,5.69,9.48
202200022412,5.42,5.82
202200022417,3.94,4.69
202200022561,0.78,22.6
202200022568,6.96,8.47
202200022727,6.63,11.26
202200022826,12.34,38.28
202200022889,5.3,5.69
202200022903,4.53,6.6
202200022991,6.54,9.06
202200022999,9.64,7.03
202200023052,6.0,9.81
202200023105,6.56,11.75
202200023148,5.13,7.48
202200023151,4.93,7.56
202200023193,7.59,18.6
202200023218,4.9,18.88
202200023220,6.25,21.04
202200023273,3.8,5.71
202200023276,3.18,7.4
202200023352,4.69,6.76
202200023381,5.89,2.27
202200023447,6.94,10.0
202200023570,10.76,17.59
202200023668,3.31,5.28
202200023669,3.04,2.31
202200023671,6.76,10.76
202200023719,5.11,8.67
202200023721,6.01,2.98
202200023724,6.43,6.24
202200023790,9.2,19.63
202200023808,3.85,8.1
202200023954,1.31,3.28
202200023964,2.08,8.3
202200023968,6.69,5.96
202200024038,1.63,5.26
202200024042,4.95,6.39
202200024047,5.64,5.45
202200024169,2.48,1.84
202200024213,13.32,30.83
202200024244,3.78,19.48
202200024315,5.82,19.27
202200024347,7.22,10.7
202200024373,18.91,24.6
202200024519,6.55,9.62
202200024534,10.16,17.08
202200024596,11.08,23.47
202200024611,6.64,21.25
202200024626,13.15,18.31
202200024717,7.14,9.96
202200024720,1.09,10.4
202200024723,4.26,6.23
202200024788,7.27,10.83
202200024791,4.2,3.24
202200024811,4.63,7.19
202200024812,4.33,10.03
202200024815,4.36,1.84
202200024952,3.86,4.23
202200024953,5.92,5.74
202200025086,3.26,8.78
202200025087,2.49,3.23
202200025101,1.51,6.44
202200025102,4.32,8.76
202200025134,7.52,14.3
202200025136,5.95,13.73
202200025166,8.17,8.17
202200025173,5.5,16.23
202200025213,3.54,2.35
202200025244,6.55,9.62
202200025245,5.87,1.87
202200025269,3.99,6.69
202200025270,5.56,7.54
202200025271,6.37,7.16
202200025331,2.73,32.93
202200025340,2.84,18.6
202200025396,8.2,16.32
202200025409,4.86,9.68
202200025437,10.81,11.82
202200025439,3.96,5.2
202200025536,8.1,4.02
202200025590,2.42,3.57
202200025726,3.19,5.33
202200025741,6.1,10.21
202200025767,4.42,7.92
202200025770,3.64,4.28
202200025775,2.81,25.2
202200025890,1.03,7.36
202200025894,7.68,22.29
202200025899,1.22,21.31
202200025903,7.13,16.77
202200026153,1.5,3.47
202200026162,3.22,7.48
202200026260,2.56,5.27
202200026382,8.35,8.27
202200026446,5.31,39.32
202200026524,3.17,5.97
202200026527,3.17,5.97
202200026530,3.96,8.86
202200026592,8.55,12.1
202200026627,3.5,3.69
202200026630,8.61,6.38
202200026777,4.33,6.99
202200026778,5.45,7.76
202200026779,6.73,8.83
202200026863,8.86,24.6
202200026909,4.39,10.08
202200027026,3.84,5.73
202200027038,3.34,5.33
202200027060,6.61,34.53
202200027061,11.66,37.71
202200027121,4.96,2.56
202200027122,3.51,5.65
202200027186,5.62,12.29
202200027218,4.49,12.5
202200027219,10.1,16.63
202200027290,1.61,18.02
202200027315,2.37,29.27
202200027355,4.67,2.09
202200027443,3.52,8.47
202200027489,3.74,18.44
202200027590,2.98,3.73
202200027718,5.73,6.45
202200027748,3.6,5.76
202200027859,3.76,19.16
202200028035,4.83,4.74
202200028063,3.6,5.57
202200028191,3.21,4.56
202200028193,4.19,8.63
202200028255,5.59,7.49
202200028362,4.79,8.22
202200028431,12.52,22.59
202200028457,7.18,8.56
202200028459,3.05,7.88
202200028461,5.56,3.87
202200028472,10.22,13.16
202200028548,2.91,23.07
202200028766,7.46,7.27
202200028767,4.71,3.79
202200028798,0.67,16.54
202200028889,2.2,9.01
202200028890,4.75,8.16
202200028891,3.57,8.59
202200028892,6.31,3.71
202200028893,4.09,5.06
202200028923,5.26,3.15
202200029011,2.8,5.22
202200029049,5.14,4.22
202200029057,9.68,6.29
202200029072,2.68,16.16
202200029140,2.43,6.22
202200029141,5.42,7.87
202200029225,7.34,11.13
202200029339,1.21,12.39
202200029594,4.61,4.61
202200029597,9.62,31.23
202200029611,2.7,25.21
202200029624,3.32,3.68
202200029664,4.46,1.43
202200029738,3.93,2.16
202200029791,7.89,11.81
202200029867,1.78,18.17
202200029948,9.45,27.02
202200030030,2.28,62.67
202200030058,6.15,5.49
202200030108,5.63,16.23
202200030118,14.66,30.18
202200030217,6.32,6.32
202200030238,7.1,10.69
202200030272,11.68,15.86
202200030281,5.21,3.44
202200030283,2.14,13.1
202200030458,7.86,10.8
202200030562,3.62,2.88
202200030600,3.66,5.63
202200030620,2.74,5.45
202200030627,9.41,7.99
202200030657,5.63,18.69
202200030702,15.81,13.2
202200030824,3.97,2.56
202200030827,5.11,8.0
202200030864,2.56,17.38
202200030919,13.52,16.77
202200030986,8.66,7.4
202200031166,10.43,24.0
202200031169,11.58,8.97
202200031220,2.44,19.98
202200031315,5.54,7.22
202200031316,5.3,3.18
202200031390,6.19,9.5
202200031419,5.06,4.32
202200031430,15.15,15.89
202200031672,1.2,15.27
202200031676,10.5,35.01
202200031695,1.88,63.96
202200031741,6.91,10.12
202200031859,5.64,13.17
202200031860,9.53,7.66
202200031870,6.12,10.35
202200031871,3.31,7.1
202200031872,9.04,11.99
202200031927,22.55,24.05
202200032025,12.22,14.18
202200032083,7.17,11.02
202200032131,6.18,9.65
202200032132,3.74,9.44
202200032160,4.04,7.32
202200032245,7.14,10.35
202200032277,4.69,6.4
202200032278,3.83,6.54
202200032322,5.26,10.55
202200032512,4.82,6.18
202200032602,5.97,6.91
202200032614,2.9,14.82
202200032808,3.56,17.15
202200032809,6.04,18.85
202200032886,3.44,4.7
202200032889,2.6,8.54
202200032975,3.6,5.55
202200032999,6.22,9.68
202200033001,7.31,9.41
202200033054,1.69,8.3
202200033059,5.72,4.39
202200033080,10.56,11.54
202200033098,2.85,5.29
202200033133,3.36,21.82
202200033233,6.75,11.53
202200033413,6.5,33.38
202200033416,11.61,26.64
202200033434,3.11,9.21
202200033439,7.11,3.37
202200033477,6.03,19.56
202200033512,7.95,14.25
202200033550,4.26,11.39
202200033587,7.4,7.35
202200033588,8.14,11.73
202200033653,5.65,38.41
202200033654,9.11,15.11
202200033679,2.84,17.49
202200033688,2.13,37.76
202200033761,2.87,4.22
202200033762,5.2,3.37
202200033763,2.86,5.66
202200033764,1.75,5.96
202200033852,7.7,12.85
202200033855,3.93,19.14
202200033885,14.2,30.64
202200034017,5.12,7.45
202200034019,4.18,9.88
202200034022,4.75,8.1
202200034025,4.1,6.81
202200034076,2.06,11.06
202200034080,0.39,24.19
202200034137,3.98,3.73
202200034139,5.37,7.68
202200034210,3.38,5.31
202200034434,5.88,7.95
202200034437,3.75,7.98
202200034449,0.39,22.07
202200034453,15.83,33.35
202200034464,25.65,19.61
202200034465,5.11,1.88
202200034467,6.49,10.28
202200034470,3.26,10.44
202200034508,4.65,1.98
202200034530,4.9,7.69
202200034538,2.84,2.1
202200034577,1.72,6.82
202200034587,11.7,10.16
202200034644,11.84,22.18
202200034646,8.2,21.24
202200034951,1.18,5.12
202200034952,7.98,11.45
202200034956,5.58,10.88
202200035068,2.9,7.47
202200035206,4.4,3.66
202200035223,14.12,17.9
202200035226,7.26,11.87
202200035275,3.91,15.68
202200035384,3.35,6.8
202200035386,4.5,10.26
202200035388,10.08,13.66
202200035429,4.45,2.12
202200035615,1.86,3.83
202200035916,5.51,41.37
202200035972,3.72,5.68
202200035973,2.01,2.62
202200035989,6.8,8.17
202200035990,5.09,8.01
202200036043,2.73,6.21
202200036051,26.06,27.31
202200036135,1.52,5.06
202200036159,0.45,26.4
202200036272,4.08,17.55
202200036303,4.73,3.83
202200036323,7.28,7.65
202200036328,4.79,37.73
202200036377,3.67,8.63
202200036465,6.58,11.19
202200036466,1.72,26.62
202200036468,3.28,18.99
202200036470,10.66,11.4
202200036498,4.42,2.96
202200036557,5.87,7.94
202200036652,7.96,9.61
202200036683,5.74,5.56
202200036744,5.86,6.24
202200036748,4.47,6.44
202200036754,6.15,6.2
202200036773,1.94,14.77
202200037045,9.01,13.64
202200037094,2.62,7.34
202200037191,5.27,2.29
202200037223,1.79,20.69
202200037238,18.43,15.69
202200037321,1.74,5.7
202200037322,4.8,3.03
202200037350,4.75,8.19
202200037352,6.4,8.8
202200037362,5.3,3.09
202200037364,3.92,4.37
202200037366,3.8,6.51
202200037417,2.48,13.86
202200037438,15.53,17.02
202200037590,7.28,15.76
202200037648,4.84,5.93
202200037744,2.98,18.48
202200037889,4.83,8.62
202200037890,3.2,4.34
202200037936,3.24,8.11
202200038021,5.96,10.19
202200038058,12.46,45.25
202200038075,2.03,25.87
202200038132,8.41,6.98
202200038175,4.3,2.56
202200038272,5.92,23.48
202200038273,11.49,24.93
202200038274,8.81,11.35
202200038279,10.38,15.34
202200038441,5.51,2.9
202200038524,9.38,12.87
202200038562,2.98,32.0
202200038620,6.11,6.49
202200038622,4.36,4.18
202200038647,6.5,19.32
202200038756,5.68,26.4
202200038774,0.72,3.81
202200038842,4.01,8.24
202200038856,2.38,12.7
202200038859,13.7,35.03
202200038901,7.94,9.59
202200038904,6.71,8.16
202200038907,5.5,10.0
202200039080,3.76,4.39
202200039124,8.74,9.71
202200039465,4.72,6.69
202200039467,5.16,13.23
202200039495,4.04,10.64
202200039500,5.12,7.83
202200039579,14.55,11.94
202200039613,15.9,18.83
202200039621,5.93,66.32
202200039708,8.2,9.83
202200039709,9.45,11.19
202200039875,14.55,28.94
202200039882,9.67,29.92
202200039884,1.55,20.54
202200039885,4.35,31.02
202200040023,4.21,6.18
202200040064,6.54,8.94
202200040065,1.92,4.72
202200040164,3.52,5.48
202200040166,6.13,9.46
202200040208,3.08,4.99
202200040303,6.72,4.86
202200040372,12.61,15.23
202200040476,2.32,3.84
202200040635,5.58,9.97
202200040789,10.58,13.5
202200040792,4.62,12.48
202200040861,7.32,15.39
202200040916,4.02,7.21
202200041042,3.2,10.63
202200041044,5.03,10.95
202200041047,7.25,8.22
202200041265,3.55,3.38
202200041366,7.76,12.23
202200041412,9.43,21.95
202200041615,3.53,2.79
202200041616,6.26,6.09
202200041647,5.3,5.71
202200041715,5.82,25.02
202200041796,3.76,4.4
202200041797,3.49,7.72
202200041859,5.01,20.36
202200041882,3.77,6.32
202200041884,2.87,8.33
202200041886,6.83,7.81
202200041891,2.88,38.7
202200041943,3.41,4.16
202200041944,1.62,8.65
202200042015,2.17,13.06
202200042088,2.57,23.87
202200042147,3.49,36.08
202200042231,4.23,7.69
202200042235,3.62,9.25
202200042245,3.0,3.64
202200042249,4.83,11.82
202200042250,3.46,3.42
202200042280,6.34,8.21
202200042321,4.13,4.69
202200042466,6.12,25.19
202200042548,2.34,29.05
202200042583,11.3,30.06
202200042697,3.42,8.09
202200042707,4.34,8.44
202200042738,4.22,6.23
202200042743,3.67,1.89
202200042778,5.18,11.48
202200042801,3.01,2.0
202200042940,21.94,23.44
202200042943,10.96,22.56
202200042956,10.69,19.25
202200043025,4.31,27.97
202200043084,12.23,29.75
202200043217,4.05,7.85
202200043246,3.61,2.48
202200043374,3.28,3.47
202200043403,2.43,3.58
202200043404,2.92,5.1
202200043424,7.12,20.05
202200043452,12.64,42.18
202200043566,3.11,3.62
202200043567,5.22,12.34
202200043677,0.9,6.14
202200043678,5.85,4.08
202200043719,2.98,5.68
202200043971,10.98,11.99
202200043973,4.22,5.62
202200043975,4.4,6.09
202200043978,5.88,4.42
202200043981,4.51,6.59
202200044082,3.44,3.72
202200044083,5.05,6.67
202200044086,3.16,4.96
202200044181,8.63,14.42
202200044196,5.41,7.38
202200044198,5.41,7.48
202200044214,6.49,22.05
202200044353,15.38,25.45
202200044383,12.59,18.96
202200044460,4.37,3.64
202200044464,5.9,5.17
202200044469,4.66,2.93
202200044478,0.73,5.2
202200044486,8.95,23.35
202200044702,8.83,20.64
202200044807,3.58,29.44
202200044834,5.27,5.27
202200044899,8.73,24.42
202200044946,6.05,9.32
202200044979,3.62,21.42
202200045028,11.37,22.4
202200045058,30.52,28.86
202200045066,4.09,7.24
202200045082,6.16,6.63
202200045230,6.37,6.59
202200045232,5.8,8.95
202200045322,6.56,4.79
202200045483,6.83,10.58
202200045484,4.0,5.97
202200045556,3.62,6.07
202200045587,12.66,20.12
202200045672,6.62,10.97
202200045673,3.58,5.55
202200045684,4.62,5.97
202200045732,5.39,7.69
202200045733,5.76,7.74
202200045762,6.81,7.59
202200045763,8.14,9.66
202200045764,5.89,6.44
202200045765,4.52,6.47
202200045841,4.03,6.1
202200045978,12.94,29.24
202200046055,6.18,3.78
202200046060,3.1,9.43
202200046194,7.54,33.84
202200046233,1.33,18.3
202200046328,8.06,24.87
202200046343,3.34,3.19
202200046347,3.38,4.63
202200046352,6.48,8.55
202200046441,8.07,6.61
202200046472,3.36,7.59
202200046488,6.75,8.12
202200046496,3.26,6.2
202200046592,10.16,18.78
202200046596,1.69,9.7
202200046618,2.82,6.36
202200046673,3.23,14.16
202200046728,8.52,15.82
202200046729,8.22,12.07
202200046733,9.18,29.53
202200046738,8.14,11.6
202200046850,5.15,25.52
202200047041,10.93,17.62
202200047054,3.97,5.94
202200047213,14.16,12.1
202200047244,6.51,3.91
202200047257,3.03,24.82
202200047289,4.3,6.29
202200047403,3.95,6.02
202200047459,5.4,36.77
202200047633,1.11,9.82
202200047817,2.36,8.84
202200047821,3.73,7.74
202200047825,3.17,8.61
202200047832,2.61,1.61
202200047835,2.33,22.6
202200047840,6.1,8.41
202200047847,3.87,5.84
202200047851,3.52,7.7
202200048036,3.14,5.94
202200048164,2.55,18.85
202200048260,2.12,5.44
202200048338,5.03,7.07
202200048339,3.29,5.43
202200048345,7.21,11.0
202200048348,6.3,6.13
202200048350,5.41,2.16
202200048357,7.57,6.9
202200048362,6.38,4.21
202200048368,1.33,10.92
202200048383,7.79,13.94
202200048475,7.81,5.95
202200048496,3.73,4.38
202200048500,8.02,12.65
202200048624,5.69,2.92
202200048630,1.96,6.0
202200048640,4.09,6.79
202200048646,5.6,8.05
202200048687,2.4,8.91
202200048695,5.78,13.8
202200048699,3.92,2.15
202200048781,7.14,6.24
202200048803,10.62,35.13
202200048814,4.6,5.76
202200048878,5.26,6.91
202200048951,3.62,38.72
202200049031,8.14,19.71
202200049052,5.81,8.11
202200049055,0.92,3.23
202200049099,3.76,7.55
202200049101,5.99,6.61
202200049181,7.8,30.19
202200049190,7.98,16.8
202200049235,7.18,6.76
202200049355,3.4,10.58
202200049357,4.39,10.08
202200049375,5.44,31.64
202200049440,2.21,10.79
202200049460,3.48,6.18
202200049461,1.85,5.17
202200049462,3.42,8.26
202200049568,2.96,4.31
202200049570,4.59,3.53
202200049721,13.46,11.7
202200049778,9.76,29.83
202200050039,4.68,14.41
202200050118,2.61,13.2
202200050187,1.31,15.89
202200050302,4.3,3.34
202200050397,2.84,11.02
202200050406,5.88,7.58
202200050414,2.15,10.73
202200050420,5.5,9.28
202200050444,5.24,21.03
202200050491,3.81,5.78
202200050553,7.02,10.57
202200050591,8.29,7.39
202200050773,5.71,9.8
202200050780,2.52,4.56
202200050794,4.74,4.14
202200050800,4.71,11.83
202200050888,3.59,6.67
202200050979,1.85,6.13
202200051056,3.64,1.59
202200051121,4.6,8.39
202200051151,4.35,8.94
202200051155,2.87,4.65
202200051206,3.6,5.03
202200051209,2.64,7.75
202200051289,6.77,14.84
202200051325,5.53,12.9
202200051587,12.0,32.63
202200051634,6.12,25.19
202200051792,7.71,13.27
202200051796,6.63,16.22
202200051819,9.48,29.0
202200051877,9.26,13.38
202200052036,3.99,7.97
202200052099,8.7,26.58
202200052116,12.51,23.54
202200052318,11.17,8.57
202200052326,3.9,3.96
202200052464,8.46,12.76
202200052470,2.46,22.42
202200052472,0.95,25.41
202200052523,5.39,6.02
202200052638,14.19,18.04
202200052710,4.64,34.7
202200052718,2.97,25.0
202200052726,4.24,19.52
202200052801,4.0,8.08
202200052828,2.53,4.81
202200053007,6.03,13.15
202200053026,3.64,7.85
202200053041,7.17,9.28
202200053052,2.13,3.03
202200053060,5.29,2.3
202200053143,4.96,4.78
202200053163,8.94,8.67
202200053173,3.49,4.05
202200053212,13.1,25.81
202200053312,3.13,12.0
202200053322,6.55,21.33
202200053406,7.69,23.14
202200053434,7.01,24.07
202200053442,8.25,11.19
202200053457,14.19,17.13
202200053516,3.92,24.45
202200053690,5.45,9.67
202200053704,3.26,7.83
202200053758,5.58,2.8
202200054019,3.89,26.91
202200054022,7.95,13.74
202200054073,5.8,21.85
202200054161,4.8,15.16
202200054192,5.39,10.69
202200054198,7.91,11.38
202200054210,1.16,7.76
202200054218,6.43,12.94
202200054235,4.8,6.87
202200054247,1.26,7.58
202200054257,3.83,18.54
202200054303,4.25,23.48
202200054417,4.46,7.16
202200054418,6.41,26.22
202200054425,5.38,3.38
202200054628,5.02,6.99
202200054716,5.34,2.23
202200054868,4.78,6.75
202200054953,5.62,7.62
202200054963,4.03,3.29
202200054973,4.03,7.42
202200054983,4.61,6.58
202200055020,3.96,1.35
202200055043,1.85,8.75
202200055052,6.51,3.9
202200055092,4.73,15.0
202200055219,6.38,20.89
202200055266,4.74,7.45
202200055272,1.59,4.39
202300000145,17.18,22.14
202300000146,6.0,6.98
202300000152,15.09,32.6
202300000181,4.03,11.21
202300000182,5.36,3.49
202300000255,3.13,9.23
202300000258,2.22,7.19
202300000287,7.8,8.88
202300000404,6.95,11.91
202300000415,4.21,6.25
202300000490,4.27,6.27
202300000491,4.85,3.84
202300000492,6.49,4.26
202300000556,5.09,10.85
202300000576,5.63,4.15
202300000578,3.28,5.25
202300000579,3.77,6.64
202300000580,6.74,5.02
202300000583,6.83,11.46
202300000606,7.1,7.89
202300000701,7.07,9.38
202300000877,12.23,13.89
202300000893,7.67,20.79
202300000955,3.15,25.06
202300000989,17.39,18.37
202300001006,6.21,15.19
202300001059,2.99,4.77
202300001063,7.08,10.33
202300001131,5.23,3.11
202300001144,3.56,7.79
202300001148,7.02,6.42
202300001185,3.12,5.83
202300001189,2.43,7.41
202300001195,12.14,24.28
202300001218,4.96,28.16
202300001273,3.72,5.21
202300001463,0.68,11.37
202300001465,6.86,9.2
202300001467,3.91,8.14
202300001536,5.5,11.16
202300001539,6.29,9.26
202300001598,4.52,1.3
202300001665,3.64,4.44
202300001806,5.4,4.72
202300001849,5.83,7.8
202300001897,8.64,15.56
202300001938,5.11,2.61
202300001990,7.38,37.04
202300002036,3.09,7.92
202300002037,6.9,10.04
202300002088,1.19,29.04
202300002102,3.04,30.35
202300002197,5.66,21.47
202300002227,8.05,18.71
202300002257,5.96,26.0
202300002276,9.82,27.6
202300002397,1.72,11.46
202300002553,2.71,28.55
202300002622,6.6,8.9
202300002625,2.24,11.98
202300002710,5.56,7.18
202300002713,4.79,3.73
202300002714,1.16,4.36
202300002877,11.3,18.98
202300002881,2.74,26.55
202300002923,2.92,15.74
202300002941,8.7,9.65
202300002944,2.62,19.77
202300002970,5.16,2.78
202300002973,4.35,4.53
202300002980,6.5,9.69
202300003037,13.05,35.82
202300003229,5.13,5.85
202300003231,1.75,8.85
202300003233,4.91,7.04
202300003264,5.53,2.42
202300003423,3.85,15.67
202300003474,4.36,6.28
202300003558,4.37,6.32
202300003652,6.7,11.33
202300003655,4.07,5.04
202300003693,0.34,3.45
202300003749,7.47,8.58
202300003917,12.81,13.88
202300003922,3.29,24.96
202300004068,10.28,7.68
202300004199,5.74,3.87
202300004240,3.94,4.69
202300004243,3.91,2.82
202300004276,1.11,3.74
202300004408,12.78,31.08
202300004429,5.1,7.83
202300004432,8.75,6.14
202300004449,7.26,7.64
202300004450,7.02,8.87
202300004452,10.54,11.79
202300004539,1.22,23.12
202300004550,1.27,26.9
202300004776,7.44,15.51
202300004802,1.62,6.09
202300004828,15.05,23.9
202300004866,3.86,3.25
202300004971,3.12,3.64
202300004974,5.26,3.08
202300005030,3.64,4.05
202300005033,3.99,2.88
202300005173,6.4,23.2
202300005234,4.57,6.54
202300005372,5.42,5.64
202300005374,12.38,10.54
202300005397,0.8,9.82
202300005399,5.24,6.42
202300005463,4.56,3.0
202300005506,4.54,4.38
202300005713,3.58,2.91
202300005776,4.91,8.6
202300005777,4.83,7.67
202300005795,8.49,12.28
202300005829,6.01,9.41
202300005911,5.46,8.74
202300006027,7.0,9.1
202300006030,2.16,4.13
202300006032,3.58,7.03
202300006073,2.68,23.74
202300006146,8.34,13.71
202300006316,3.77,20.55
202300006404,0.51,10.15
202300006409,6.82,8.92
202300006559,4.67,9.17
202300006562,2.1,20.67
202300006563,3.97,3.3
202300006566,5.57,11.09
202300006572,2.98,11.2
202300006575,5.43,7.39
202300006580,6.24,9.45
202300006723,9.97,30.17
202300006746,4.59,7.74
202300006763,8.63,15.95
202300006783,14.57,12.65
202300006805,4.43,5.15
202300006812,5.88,8.54
202300006829,5.6,7.91
202300006842,6.05,10.54
202300007128,8.16,21.79
202300007198,11.42,9.62
202300007210,12.94,10.34
202300007279,12.32,33.56
202300007280,7.44,17.88
202300007309,5.1,5.78
202300007555,11.13,14.26
202300007580,10.66,17.33
202300007581,34.92,34.14
202300007647,3.94,5.91
202300007648,5.21,3.44
202300007649,9.85,10.83
202300007704,9.47,8.72
202300007790,4.81,5.95
202300007802,4.14,7.72
202300007803,4.42,2.35
202300007850,4.49,25.52
202300007869,7.58,18.48
202300007930,2.3,2.51
202300008133,5.03,2.53
202300008161,5.28,5.1
202300008164,5.39,6.92
202300008329,10.01,8.27
202300008330,7.62,2.85
202300008334,3.08,3.19
202300008432,5.34,3.14
202300008437,4.86,6.5
202300008606,3.58,10.26
202300008728,3.28,3.57
202300008738,6.35,6.35
202300008828,14.02,30.99
202300008860,4.43,7.61
202300008868,4.64,6.17
202300008878,5.88,8.95
202300008971,4.92,12.04
202300008986,16.33,32.35
202300009000,7.2,13.88
202300009192,3.76,6.65
202300009222,4.01,4.57
202300009285,4.0,5.93
202300009352,4.2,18.22
202300009444,6.95,9.15
202300009538,6.25,4.77
202300009539,6.25,5.42
202300009540,3.32,5.31
202300009541,5.55,5.4
202300009542,3.22,5.19
202300009543,4.87,7.0
202300009603,6.04,6.28
202300009630,3.48,2.74
202300009632,3.92,2.15
202300009634,4.04,7.41
202300009689,4.71,3.79
202300009691,5.04,7.7
202300009769,4.96,10.3
202300009770,1.95,8.27
202300009826,2.92,2.15
202300009864,3.8,8.37
202300009878,5.29,7.48
202300009929,3.85,22.83
202300010005,6.72,4.85
202300010039,4.24,3.26
202300010100,8.33,28.25
202300010165,14.67,27.55
202300010200,9.48,20.6
202300010205,7.67,8.41
202300010209,14.51,15.91
202300010211,10.79,23.52
202300010243,0.61,24.2
202300010373,3.34,5.81
202300010381,5.54,2.88
202300010591,6.87,13.1
202300010643,3.09,1.31
202300010665,9.29,16.41
202300010781,5.0,16.55
202300010791,5.25,5.43
202300010797,3.94,6.65
202300010804,4.32,3.93
202300010810,3.39,6.09
202300011059,4.83,7.9
202300011127,3.26,7.96
202300011176,5.33,11.06
202300011182,17.91,19.4
202300011185,9.85,36.99
202300011189,11.78,26.64
202300011360,2.84,10.07
202300011361,3.85,8.42
202300011386,3.74,17.82
202300011398,14.52,33.47
202300011556,8.7,15.62
202300011614,4.56,6.53
202300011653,5.52,2.92
202300011686,3.74,4.57
202300011710,4.45,6.42
202300011781,3.13,18.98
202300011784,5.05,7.97
202300011787,3.1,16.74
202300011788,12.62,23.51
202300011802,3.61,8.71
202300011880,3.66,5.63
202300011947,15.36,25.43
202300011965,3.38,5.38
202300012041,1.81,8.98
202300012200,2.86,8.34
202300012248,4.5,2.73
202300012367,7.96,27.31
202300012610,4.62,6.69
202300012667,3.27,7.5
202300012675,4.48,6.99
202300012679,6.33,8.52
202300012773,4.33,3.72
202300012798,6.51,4.74
202300012822,5.96,6.97
202300012826,3.18,3.03
202300012827,6.93,24.46
202300012830,7.49,12.12
202300012833,7.94,11.61
202300012834,5.26,7.43
202300012840,2.98,4.1
202300012885,5.19,9.72
202300013006,2.16,24.96
202300013018,5.56,15.18
202300013020,9.37,12.44
202300013064,2.66,25.32
202300013095,6.69,16.89
202300013164,7.11,8.06
202300013166,1.98,2.72
202300013224,5.3,7.8
202300013226,1.12,5.4
202300013228,4.29,5.08
202300013230,2.14,9.32
202300013257,8.0,16.17
202300013262,12.33,22.4
202300013286,6.69,5.23
202300013302,4.91,9.44
202300013303,6.0,5.87
202300013346,3.4,1.66
202300013380,8.77,14.63
202300013430,4.22,30.49
202300013483,3.47,5.03
202300013550,4.59,8.51
202300013608,5.39,8.55
202300013702,9.94,28.69
202300013704,7.2,14.85
202300013918,6.14,15.56
202300013979,16.67,64.86
202300013999,12.37,19.07
202300014078,7.29,10.62
202300014081,2.34,5.56
202300014084,3.24,5.4
202300014110,3.98,7.73
202300014112,7.06,15.36
202300014150,6.85,19.84
202300014186,13.82,21.14
202300014443,3.02,11.3
202300014451,10.43,15.72
202300014461,10.24,25.89
202300014480,5.03,6.6
202300014485,2.73,1.06
202300014520,7.45,16.12
202300014522,3.49,3.49
202300014524,2.86,4.89
202300014562,3.91,4.99
202300014590,4.47,7.17
202300014594,7.26,8.64
202300014832,18.66,21.28
202300014912,3.24,5.94
202300014920,5.66,6.18
202300014978,5.09,3.28
202300014981,4.54,3.96
202300014983,5.96,7.19
202300015165,8.08,28.13
202300015166,16.34,28.81
202300015247,4.61,3.2
202300015248,4.88,7.87
202300015314,8.58,20.26
202300015388,3.53,8.55
202300015532,6.79,9.85
202300015554,5.85,7.06
202300015615,28.29,22.24
202300015626,2.58,32.23
202300015670,7.36,18.52
202300015765,3.33,7.89
202300015819,4.16,3.75
202300015975,1.52,2.57
202300015977,7.67,11.25
202300015982,5.04,6.13
202300015989,13.84,39.93
202300016086,7.36,24.21
202300016214,3.44,2.7
202300016216,4.4,7.31
202300016320,1.13,12.91
202300016321,1.69,19.82
202300016324,6.18,36.39
202300016328,4.75,1.14
202300016333,4.24,4.01
202300016339,3.4,4.06
202300016387,12.72,29.69
202300016419,2.25,22.97
202300016526,9.51,25.24
202300016529,8.96,21.89
202300016743,12.89,13.26
202300016919,2.72,5.42
202300016922,6.65,8.85
202300016924,5.07,3.39
202300016962,4.88,6.85
202300016997,4.14,4.44
202300017093,12.4,19.07
202300017094,25.54,23.87
202300017224,18.77,36.84
202300017225,15.59,22.27
202300017284,10.93,11.94
202300017285,4.11,7.27
202300017286,8.2,7.68
202300017362,6.84,10.12
202300017440,3.36,4.56
202300017441,3.9,5.97
202300017442,7.05,5.18
202300017531,2.9,12.69
202300017588,5.61,6.02
202300017696,1.29,7.61
202300017774,13.48,16.05
202300017777,6.44,23.9
202300017780,4.34,3.51
202300017850,3.06,26.08
202300017880,1.0,15.01
202300017959,6.76,10.32
202300018064,7.38,34.15
202300018136,3.32,9.84
202300018138,4.39,16.82
202300018140,4.53,3.79
202300018222,2.35,3.51
202300018225,5.04,9.58
202300018304,3.39,24.86
202300018382,5.05,5.26
202300018385,3.03,3.72
202300018387,4.86,6.42
202300018390,3.13,11.39
202300018554,6.08,4.59
202300018559,7.11,8.09
202300018614,4.62,5.78
202300018654,9.28,37.16
202300018711,6.02,9.09
202300018714,4.88,7.78
202300018720,8.12,5.18
202300018726,6.15,6.2
202300018739,0.9,7.22
202300018742,4.72,6.79
202300018744,3.09,9.19
202300018747,5.12,7.43
202300018825,5.18,9.85
202300018846,3.28,5.27
202300018936,1.23,15.04
202300018964,13.34,16.28
202300019031,3.83,25.61
202300019119,5.66,3.06
202300019161,4.72,6.75
202300019163,4.1,8.52
202300019164,6.08,5.89
202300019165,3.96,3.78
202300019206,11.04,10.29
202300019244,4.42,5.17
202300019493,5.44,10.38
202300019518,7.54,10.36
202300019597,7.31,24.12
202300019659,17.67,37.67
202300019673,3.89,5.99
202300019675,6.21,6.02
202300019768,7.4,24.81
202300019823,5.82,9.61
202300019840,3.16,3.1
202300019841,4.83,6.39
202300020037,15.65,13.04
202300020147,6.26,7.78
202300020326,3.07,3.58
202300020328,2.71,5.05
202300020404,6.03,27.67
202300020427,9.4,14.84
202300020452,4.4,28.07
202300020457,2.8,11.63
202300020526,3.8,7.98
202300020529,5.04,7.06
202300020591,4.78,9.04
202300020596,2.0,6.04
202300020600,4.14,8.69
202300020923,1.75,11.49
202300020974,4.23,16.01
202300020992,1.84,36.92
202300021140,12.24,17.82
202300021148,1.12,8.04
202300021150,2.67,29.47
202300021269,6.6,6.6
202300021390,8.0,6.14
202300021551,6.25,3.64
202300021638,4.22,15.15
202300021680,9.5,15.84
202300021696,1.3,12.08
202300021726,5.12,9.93
202300021946,6.98,9.05
202300021959,3.57,6.87
202300021961,5.64,7.87
202300022026,8.13,11.68
202300022115,3.89,5.86
202300022231,3.18,5.89
202300022274,9.8,14.42
202300022321,10.83,10.06
202300022327,9.93,5.88
202300022514,2.4,3.0
202300022597,4.07,19.85
202300022741,4.55,6.52
202300022795,4.54,7.2
202300022796,8.41,7.89
202300022801,4.81,7.61
202300022803,2.31,5.35
202300022806,5.8,6.05
202300022848,3.79,10.37
202300022851,6.08,4.7
202300022853,6.69,8.79
202300022855,2.22,7.19
202300022856,4.66,7.84
202300022921,4.47,5.27
202300022922,5.99,8.19
202300022924,3.66,6.08
202300022925,5.08,5.51
202300022956,2.64,5.78
202300022966,5.69,10.2
202300023017,1.44,5.19
202300023019,8.23,29.99
202300023020,2.4,24.6
202300023032,6.39,7.13
202300023097,5.65,7.58
202300023098,8.33,9.7
202300023141,2.83,5.26
202300023223,4.39,6.36
202300023251,5.46,6.1
202300023252,8.98,15.9
202300023294,14.34,30.17
202300023510,11.58,23.18
202300023516,4.9,4.08
202300023536,2.4,8.19
202300023538,2.22,2.44
202300023541,4.18,6.26
202300023624,7.79,12.48
202300023669,2.77,9.4
202300023871,5.56,21.4
202300024033,2.83,5.53
202300024036,9.8,9.58
202300024168,3.81,3.27
202300024172,7.52,8.5
202300024175,4.07,6.02
202300024216,9.96,11.88
202300024248,2.79,2.79
202300024256,3.9,13.86
202300024263,13.63,14.61
202300024273,5.29,19.0
202300024286,8.53,12.68
202300024319,2.79,24.24
202300024351,4.7,9.68
202300024354,9.88,35.15
202300024358,7.86,15.01
202300024428,7.64,19.76
202300024501,9.79,12.96
202300024518,3.7,3.64
202300024520,6.13,6.51
202300024523,5.59,7.56
202300024526,4.88,5.98
202300024527,3.34,2.9
202300024683,8.57,12.03
202300024751,5.77,6.68
202300024786,6.48,8.79
202300024910,5.49,9.72
202300025087,6.68,10.09
202300025119,5.28,12.44
202300025176,4.24,6.21
202300025203,5.46,5.28
202300025205,6.11,4.69
202300025266,6.36,6.17
202300025357,5.17,28.11
202300025442,6.09,17.66
202300025536,2.92,12.61
202300025539,4.02,8.61
202300025547,6.11,6.63
202300025548,2.36,36.6
202300025549,10.92,27.25
202300025757,4.07,6.87
202300025760,4.69,3.63
202300025773,4.47,8.69
202300025850,4.26,10.21
202300025855,4.97,5.63
202300026001,6.68,9.09
202300026006,2.73,6.56
202300026186,4.37,15.53
202300026216,7.72,8.1
202300026282,8.55,34.76
202300026285,2.78,33.25
202300026290,5.29,19.75
202300026330,7.97,6.62
202300026425,4.01,2.24
202300026673,4.45,3.68
202300026716,7.29,11.04
202300026777,3.19,27.74
202300026861,6.26,4.94
202300026917,4.84,7.64
202300026928,7.61,16.48
202300026964,10.94,22.42
202300026996,13.09,39.8
202300027078,3.18,2.08
202300027139,12.76,11.4
202300027147,15.75,14.08
202300027210,9.15,25.68
202300027222,2.86,15.72
202300027240,8.33,7.14
202300027385,0.53,10.13
202300027459,5.42,5.23
202300027536,11.72,9.11
202300027547,8.16,21.9
202300027599,5.64,23.59
202300027651,2.03,26.74
202300027709,3.51,10.78
202300027711,3.68,5.65
202300027832,5.32,2.7
202300027898,5.21,10.56
202300027904,3.86,2.71
202300027910,5.24,2.01
202300027918,2.73,3.66
202300027967,7.2,11.82
202300027972,1.52,24.73
202300027991,8.91,8.36
202300028083,18.98,25.9
202300028091,6.25,8.09
202300028140,6.52,9.93
202300028205,22.08,20.55
202300028480,2.86,1.96
202300028526,12.28,28.83
202300028544,13.82,12.15
202300028598,8.58,9.32
202300028760,10.32,19.16
202300028774,7.62,23.16
202300028793,3.6,1.82
202300028794,2.88,13.49
202300028814,7.5,29.11
202300028819,6.68,24.58
202300028930,3.3,7.14
202300028931,5.27,4.24
202300029009,10.88,7.49
202300029034,11.23,32.84
202300029101,1.44,4.38
202300029102,6.79,9.74
202300029103,4.06,4.02
202300029335,5.16,13.23
202300029337,5.6,9.69
202300029443,2.38,26.2
202300029509,8.48,9.43
202300029528,4.01,17.72
202300029562,11.63,18.22
202300029583,7.73,9.24
202300029621,2.74,23.82
202300029749,3.51,4.76
202300029772,6.87,5.1
202300029775,2.61,3.35
202300029900,5.4,5.81
202300029904,5.03,2.41
202300029907,4.12,6.07
202300029929,11.71,23.31
202300029967,11.06,16.1
202300030061,2.75,9.14
202300030065,2.64,8.68
202300030069,3.88,5.86
202300030253,4.73,6.8
202300030254,5.85,7.82
202300030259,6.6,3.37
202300030322,14.85,15.82
202300030325,4.74,12.81
202300030328,3.5,6.34
202300030331,4.2,6.24
202300030506,4.08,2.49
202300030508,8.18,11.38
202300030601,4.44,19.1
202300030648,0.36,29.82
202300030658,2.46,8.78
202300030661,4.42,6.39
202300030664,4.42,8.41
202300030704,4.08,3.33
202300030810,5.4,21.7
202300030819,6.89,16.5
202300030829,2.23,26.75
202300030885,0.74,28.38
202300030949,8.45,9.42
202300031021,13.98,30.5
202300031103,5.07,1.62
202300031205,3.44,6.14
202300031245,2.22,5.01
202300031246,6.27,3.52
202300031247,6.18,5.17
202300031274,5.31,3.1
202300031275,5.34,7.78
202300031276,5.9,7.06
202300031390,1.95,23.63
202300031397,5.52,7.69
202300031545,5.88,8.94
202300031589,3.9,2.91
202300031592,7.36,11.58
202300031625,5.59,7.78
202300031628,3.72,2.74
202300031633,4.31,5.47
202300031654,5.55,11.9
202300031771,8.15,33.91
202300031775,12.68,19.23
202300031788,10.82,20.89
202300031802,4.59,10.12
202300032038,3.86,5.83
202300032042,5.53,8.54
202300032161,4.27,3.98
202300032191,8.7,26.47
202300032302,2.33,4.3
202300032307,6.76,6.72
202300032358,5.32,3.05
202300032362,5.73,5.54
202300032369,5.36,3.36
202300032372,5.89,6.37
202300032438,4.23,11.4
202300032446,2.95,5.13
202300032475,9.37,6.76
202300032581,2.62,3.8
202300032582,1.34,31.33
202300032583,2.07,22.05
202300032605,1.64,10.2
202300032613,18.73,15.99
202300032681,6.36,26.12
202300032707,2.62,40.55
202300032883,4.11,6.08
202300032943,6.15,31.86
202300032944,8.43,26.74
202300032945,8.14,20.37
202300033046,2.5,6.76
202300033047,5.26,4.2
202300033090,4.21,3.35
202300033093,3.85,8.69
202300033165,3.08,23.0
202300033376,5.62,7.62
202300033377,5.62,7.62
202300033378,5.03,5.24
202300033431,3.87,5.5
202300033432,3.66,2.23
202300033512,5.92,7.76
202300033517,7.87,13.86
202300033594,8.22,15.62
202300033670,4.86,24.22
202300033752,3.89,28.4
202300033758,1.47,20.3
202300033915,12.49,11.12
202300033921,11.5,19.6
202300033922,3.47,24.78
202300034019,4.56,5.88
202300034065,3.85,6.5
202300034144,13.12,10.51
202300034257,7.04,5.21
202300034261,6.31,9.59
202300034276,7.51,27.99
202300034285,35.41,34.63
202300034361,3.21,7.44
202300034364,3.06,7.89
202300034368,4.42,7.05
202300034423,15.33,23.6
202300034481,5.28,7.36
202300034526,7.43,6.54
202300034529,3.4,7.45
202300034674,5.98,8.95
202300034746,7.21,2.81
202300034748,4.01,4.09
202300034749,6.61,10.8
202300034791,4.32,7.03
202300034835,5.89,13.96
202300035005,3.17,5.98
202300035077,2.97,6.14
202300035078,3.73,4.37
202300035145,3.32,8.16
202300035350,3.72,5.69
202300035351,6.54,4.76
202300035430,10.9,20.97
202300035526,3.97,12.42
202300035562,5.45,4.45
202300035643,5.88,2.77
202300035645,5.68,6.59
202300035860,3.9,4.85
202300035874,2.4,8.19
202300035879,5.23,7.98
202300035931,10.98,14.7
202300035957,3.2,6.79
202300035973,4.17,6.12
202300036020,2.76,2.76
202300036065,4.82,8.61
202300036067,24.21,22.54
202300036069,4.19,6.14
202300036072,4.0,9.34
202300036136,3.62,13.36
202300036325,3.64,16.56
202300036329,5.47,12.38
202300036353,6.12,21.46
202300036366,6.5,16.33
202300036405,17.9,19.39
202300036430,13.4,20.56
202300036432,14.49,18.43
202300036535,6.23,7.34
202300036536,4.72,5.7
202300036546,1.93,6.19
202300036637,4.14,4.87
202300036649,2.32,17.93
202300036650,1.88,23.5
202300036659,8.07,19.56
202300036698,8.15,12.84
202300036699,4.7,2.93
202300036744,6.55,8.65
202300036934,6.27,4.79
202300036937,2.22,4.19
202300036988,5.18,17.6
202300036998,2.91,17.23
202300037014,2.9,5.2
202300037162,10.92,13.49
202300037188,5.9,6.85
202300037265,3.3,9.82
202300037266,4.27,4.9
202300037267,6.6,9.67
202300037412,4.19,8.43
202300037413,4.0,9.45
202300037414,3.99,6.44
202300037446,3.5,6.44
202300037447,3.77,4.39
202300037548,7.2,9.51
202300037602,9.62,10.59
202300037656,9.25,11.6
202300037689,6.92,9.88
202300037783,6.54,14.48
202300037883,7.96,15.32
202300037924,12.21,39.57
202300037926,3.94,17.53
202300037984,7.17,10.64
202300038121,6.5,17.32
202300038125,34.71,33.93
202300038158,7.94,20.08
202300038160,5.22,24.4
202300038262,3.82,7.68
202300038263,3.89,24.7
202300038275,5.62,4.89
202300038277,3.49,3.58
202300038313,5.06,1.15
202300038369,2.55,1.8
202300038409,3.23,2.56
202300038412,7.34,27.12
202300038444,0.38,26.33
202300038446,7.51,18.82
202300038469,0.6,14.61
202300038565,2.01,31.85
202300038634,2.08,21.88
202300038712,3.06,10.23
202300038714,6.16,6.89
202300038806,3.0,14.55
202300038808,7.96,34.04
202300038928,3.78,7.3
202300038967,7.38,11.87
202300038970,2.07,6.11
202300038978,4.51,6.48
202300039023,2.84,5.64
202300039024,2.19,5.52
202300039160,3.32,8.38
202300039161,3.77,3.35
202300039391,4.88,3.82
202300039484,6.6,14.28
202300039487,2.89,3.63
202300039527,3.86,3.72
202300039579,6.09,8.49
202300039696,1.94,14.77
202300039800,6.63,9.04
202300039902,7.72,13.08
202300039903,3.0,3.68
202300039905,5.88,5.14
202300040060,4.92,4.72
202300040113,3.46,6.36
202300040346,4.94,7.13
202300040349,3.82,3.4
202300040373,2.39,3.55
202300040375,4.57,4.38
202300040378,6.92,9.94
202300040413,2.68,24.5
202300040534,1.85,2.6
202300040541,3.02,7.58
202300040543,2.9,4.89
202300040546,0.96,7.29
202300040548,3.76,5.84
202300040549,4.46,1.85
202300040578,8.33,26.5
202300040643,2.87,10.11
202300040686,4.27,15.31
202300040764,1.4,3.47
202300040805,6.52,6.96
202300040887,2.01,8.24
202300040932,5.86,9.18
202300040935,6.95,9.15
202300040994,9.35,18.96
202300041035,3.75,6.67
202300041037,8.42,7.57
202300041039,6.07,7.04
202300041076,6.74,5.32
202300041161,4.87,13.84
202300041192,4.33,21.32
202300041193,7.1,16.65
202300041204,3.78,15.29
202300041216,5.81,40.75
202300041299,3.23,7.46
202300041300,10.92,15.04
202300041301,2.36,4.33
202300041302,1.94,9.12
202300041339,3.51,4.5
202300041556,8.87,12.46
202300041560,3.97,4.94
202300041655,7.46,18.74
202300041658,12.28,15.79
202300041729,4.91,1.69
202300041732,6.38,17.37
202300041735,34.92,34.14
202300041746,27.32,25.65
202300041758,4.96,8.78
202300041762,3.31,2.57
202300041765,2.45,11.47
202300041768,6.79,11.42
202300041939,7.02,5.03
202300042002,5.08,8.06
202300042004,6.45,8.76
202300042005,2.21,6.12
202300042008,3.65,8.01
202300042012,3.47,8.3
202300042033,6.66,10.52
202300042051,5.09,6.65
202300042059,2.66,4.25
202300042154,4.01,8.32
202300042160,3.11,5.04
202300042165,5.02,1.11
202300042167,4.7,1.58
202300042261,10.26,8.53
202300042268,2.98,22.8
202300042284,11.82,21.31
202300042300,7.97,22.11
202300042323,8.95,21.34
202300042475,5.88,7.95
202300042477,6.23,5.4
202300042544,5.04,13.84
202300042545,10.97,9.84
202300042547,7.99,13.47
202300042606,8.31,7.12
202300042760,3.15,3.09
202300042820,6.0,7.18
202300042822,8.47,12.69
202300042889,4.12,6.82
202300042945,14.85,31.15
202300042949,8.33,13.58
202300042951,2.99,21.5
202300042974,5.13,4.35
202300043122,5.1,3.33
202300043161,9.64,15.26
202300043260,4.32,6.29
202300043261,1.96,8.22
202300043262,5.45,7.76
202300043263,4.18,6.27
202300043291,1.63,4.81
202300043292,4.66,4.47
202300043293,3.72,4.16
202300043390,3.36,7.59
202300043421,1.08,9.48
202300043423,10.09,7.48
202300043445,3.71,8.54
202300043447,3.16,7.99
202300043504,5.48,16.1
202300043506,10.72,25.94
202300043508,13.32,10.58
202300043534,1.28,19.58
202300043536,7.31,14.42
202300043559,2.64,40.52
202300043687,2.0,8.6
202300043777,2.98,4.98
202300043778,4.14,2.37
202300043825,4.12,8.61
202300043856,2.83,6.48
202300043866,3.18,7.71
202300043960,5.53,6.23
202300044004,4.47,5.71
202300044182,5.69,7.66
202300044185,5.85,4.05
202300044191,3.59,5.15
202300044254,3.14,5.94
202300044301,4.42,5.26
202300044451,1.85,8.74
202300044454,8.26,12.89
202300044486,15.95,26.98
202300044540,1.38,6.66
202300044582,6.15,9.94
202300044670,8.71,12.22
202300044671,5.56,8.71
202300044730,3.5,5.5
202300044783,2.99,5.08
202300044785,7.68,8.77
202300044891,11.18,16.72
202300045016,4.51,8.3
202300045097,4.3,32.1
202300045147,4.78,13.04
202300045174,2.85,25.79
202300045220,6.59,19.26
202300045307,10.15,22.14
202300045317,0.9,7.82
202300045342,10.0,18.87
202300045374,9.38,21.22
202300045503,5.03,8.1
202300045504,4.31,6.0
202300045506,7.16,9.98
202300045558,2.98,7.81
202300045560,5.41,3.23
202300045562,3.47,8.85
202300045581,6.1,33.2
202300045665,5.7,11.93
202300045701,4.45,11.14
202300045717,7.37,12.03
202300045752,8.21,28.41
202300045840,7.5,13.93
202300045892,5.06,7.06
202300045897,5.78,4.3
202300045900,2.31,26.93
202300045901,2.94,4.86
202300046017,4.7,2.86
202300046150,9.46,16.38
202300046262,11.13,10.23
202300046325,6.34,11.65
202300046354,4.78,52.97
202300046407,5.31,3.06
202300046434,4.27,28.82
202300046461,11.88,12.21
202300046490,14.51,24.93
202300046580,2.04,1.84
202300046614,2.58,20.03
202300046617,4.16,26.65
202300046655,3.01,22.59
202300046678,8.9,15.61
202300046839,3.02,7.57
202300046843,5.69,7.69
202300046854,6.18,8.21
202300047012,10.7,19.25
202300047074,13.59,26.46
202300047109,6.57,16.95
202300047231,5.05,10.89
202300047233,5.72,7.82
202300047266,4.59,29.54
202300047297,2.61,5.54
202300047301,5.48,5.29
202300047304,4.69,3.65
202300047307,3.1,5.03
202300047327,8.95,29.01
202300047366,4.21,5.46
202300047468,2.89,26.02
202300047486,3.53,4.63
202300047489,12.1,31.05
202300047566,4.9,7.88
202300047622,4.09,6.35
202300047623,1.95,31.56
202300047652,6.83,20.42
202300047832,8.32,8.25
202300047834,3.4,8.4
202300047855,6.92,17.12
202300047884,2.74,4.19
202300047920,1.15,22.76
202300047978,3.36,5.33
202300047980,4.18,6.63
202300048069,11.56,13.9
202300048178,9.51,20.04
202300048266,4.02,6.03
202300048268,4.36,3.36
202300048286,1.5,32.3
202300048404,5.19,6.69
202300048409,4.86,7.93
202300048524,4.31,6.28
202300048527,1.43,9.16
202300048543,1.27,12.57
202300048554,2.04,3.55
202300048573,8.05,11.84
202300048580,5.1,7.29
202300048584,5.38,2.18
202300048635,7.36,7.48
202300048665,3.86,6.53
202300048804,9.96,23.09
202300048870,7.39,10.22
202300048906,6.07,6.07
202300048916,18.91,24.6
202300048929,13.73,16.35
202300049108,6.12,6.05
202300049227,2.38,20.16
202300049416,8.45,14.8
202300049436,16.27,19.21
202300049738,1.39,3.36
202300049745,6.84,10.12
202300049869,3.93,17.6
202300049881,4.06,7.9
202300049889,5.51,13.29
202300049956,2.08,24.78
202300050013,3.52,5.54
202300050072,3.41,3.62
202300050073,6.82,10.28
202300050079,5.25,10.67
202300050084,3.66,11.91
202300050103,5.6,8.31
202300050111,11.22,8.61
202300050196,2.51,4.55
202300050203,3.36,3.05
202300050225,12.26,14.44
202300050261,3.29,6.09
202300050301,3.0,5.0
202300050389,0.56,20.57
202300050394,1.0,41.4
202300050461,4.4,10.27
202300050621,6.96,9.77
202300050658,0.53,25.03
202300050683,4.96,3.98
202300050687,4.58,3.52
202300050706,3.08,5.88
202300050708,2.33,6.36
202300050730,9.5,21.26
202300050768,3.47,13.09
202300050819,3.38,8.08
202300050839,2.61,26.02
202300050863,2.18,22.5
202300050889,0.44,3.56
202300050923,7.34,13.3
202300050971,4.0,3.26
202300050972,4.89,6.86
202300050978,6.76,25.7
202300051010,3.26,4.54
202300051012,4.28,4.09
202300051027,13.93,31.15
202300051077,12.83,17.37
202300051116,2.93,2.3
202300051220,3.84,8.33
202300051246,6.42,6.01
202300051252,2.78,4.03
202300051257,4.84,3.06
202300051332,8.41,11.87
202300051334,6.52,35.48
202300051342,9.23,29.23
202300051425,2.92,14.01
202300051459,3.55,7.11
202300051464,5.42,7.84
202300051534,13.8,11.19
202300051606,12.75,35.51
202300051694,2.59,4.28
202300051900,5.6,7.28
202300051903,2.8,2.21
202300051909,7.51,11.07
202300051956,1.52,14.75
202300052103,4.51,34.34
202300052159,3.86,4.42
202300052165,2.65,4.43
202300052188,3.32,10.38
202300052197,5.01,6.98
202300052206,4.02,5.99
202300052266,20.43,18.76
202300052390,1.85,9.38
202300052399,1.3,7.62
202300052406,6.55,9.62
202300052619,3.75,5.7
202300052677,2.06,7.44
202300052705,0.75,24.06
202300052708,1.4,23.04
202300052730,8.41,18.94
202300052732,7.73,8.47
202300052738,10.49,11.5
202300052742,2.86,8.33
202300052796,1.92,10.71
202300052909,10.71,35.02
202300053068,6.72,8.23
202300053330,5.88,4.42
202300053334,9.06,34.18
202300053346,7.95,10.29
202300053353,13.0,44.98
202300053379,3.2,20.98
202300053489,1.29,30.95
202300053528,7.1,10.3
202300053647,3.51,6.45
202300053659,2.25,8.18
202300053732,1.4,9.83
202300053861,5.63,7.83
202300053902,2.3,2.39
202300053908,6.41,9.57
202300053919,2.68,4.64
202300054160,3.44,4.6
202300054169,3.35,5.27
202300054178,3.84,2.72
202300054281,14.6,26.2
202300054294,4.66,13.64
202300054340,10.4,10.77
202300054349,5.23,12.63
202300054362,4.51,2.74
202300054372,7.09,10.67
202300054382,3.31,5.31
202300054391,5.1,12.78
202300054400,14.77,11.78
202300054459,9.19,28.24
202300054520,3.55,4.61
202300054541,4.15,31.82
202300054547,2.46,37.15
202300054556,9.09,35.89
202300054583,2.84,26.24
202300054679,10.68,11.1
202300054695,2.77,25.26
202300054725,5.91,8.84
202300054730,6.06,5.88
202300054733,2.57,9.75
202300054757,4.08,17.65
202400000022,4.92,10.96
202400000023,7.41,5.54
202400000062,9.99,7.39
202400000084,12.93,19.62
202400000127,2.66,8.74
202400000208,4.9,25.1
202400000285,5.02,1.12
202400000286,2.03,8.49
202400000287,7.07,7.86
202400000288,3.44,6.14
202400000376,5.53,15.61
202400000384,8.7,14.37
202400000399,5.1,58.16
202400000486,6.24,9.14
202400000514,3.1,5.07
202400000516,6.84,9.66
202400000697,3.6,6.54
202400000733,4.15,7.76
202400000735,6.64,6.12
202400000803,4.96,3.98
202400000804,7.23,30.26
202400000901,4.76,2.98
202400000902,5.29,7.26
202400000903,6.33,12.98
202400000935,9.87,12.84
202400000957,6.05,6.7
202400001092,4.08,3.98
202400001095,3.28,9.79
202400001097,5.54,8.55
202400001355,1.3,32.8
202400001414,1.7,8.89
202400001416,4.8,3.65
202400001457,3.08,5.0
202400001458,4.54,3.58
202400001599,2.13,2.13
202400001618,2.82,27.13
202400001619,6.4,31.56
202400001770,2.14,5.94
202400001818,4.13,7.31
202400001830,3.49,10.67
202400001831,3.32,6.02
202400001865,5.25,1.79
202400001979,5.74,5.74
202400002032,5.25,8.36
202400002189,4.78,6.75
202400002193,3.82,2.04
202400002202,2.82,23.74
202400002221,4.24,4.25
202400002225,4.41,2.64
202400002228,1.78,3.76
202400002295,6.19,8.64
202400002309,4.86,1.1
202400002312,6.44,9.36
202400002315,5.49,9.94
202400002318,4.76,5.8
202400002321,7.01,9.81
202400002449,2.56,5.57
202400002456,4.46,7.36
202400002539,3.42,18.13
202400002547,13.24,29.51
202400002581,6.74,24.09
202400002583,5.59,19.63
202400002706,0.99,25.65
202400002707,10.21,16.88
202400002753,2.76,35.09
202400002825,3.95,3.21
202400002826,2.43,8.16
202400002828,5.78,8.52
202400002830,3.65,7.88
202400002903,8.32,17.82
202400002943,5.69,23.64
202400003074,2.74,13.17
202400003078,3.89,18.27
202400003103,2.36,4.32
202400003105,4.87,7.94
202400003127,3.27,30.95
202400003190,6.89,4.49
202400003192,5.91,7.98
202400003193,5.02,1.12
202400003195,5.84,8.91
202400003252,5.66,9.44
202400003254,3.46,6.17
202400003256,4.69,11.8
202400003298,7.19,5.52
202400003332,6.17,10.4
202400003334,2.28,7.12
202400003372,4.93,19.91
202400003408,4.02,6.11
202400003558,2.76,23.8
202400003559,10.79,12.58
202400003565,4.67,7.65
202400003840,3.98,25.21
202400003906,11.86,24.35
202400003907,5.32,22.23
202400004070,4.88,8.05
202400004073,2.92,6.49
202400004075,5.53,7.6
202400004156,10.44,14.38
202400004159,3.34,11.6
202400004162,3.4,7.63
202400004164,1.69,7.91
202400004256,12.3,13.27
202400004270,11.12,29.1
202400004338,7.47,14.84
202400004487,4.21,7.02
202400004591,3.3,4.04
202400004724,11.36,8.75
202400004726,4.74,11.41
202400004920,3.74,5.71
202400004922,6.24,8.55
202400004924,11.01,9.08
202400004969,5.22,5.37
202400004970,4.54,2.66
202400005106,3.97,8.62
202400005181,5.92,11.1
202400005183,5.67,8.68
202400005228,3.03,6.78
202400005260,6.62,16.38
202400005434,9.46,14.91
202400005447,10.7,25.92
202400005448,6.57,12.38
202400005468,3.49,5.67
202400005475,6.48,29.65
202400005570,5.3,8.76
202400005571,6.27,4.49
202400005573,2.52,4.49
202400005673,9.57,9.1
202400005676,8.48,24.02
202400005848,2.46,8.78
202400005850,2.97,11.22
202400005901,6.51,3.9
202400005990,11.81,16.34
202400005996,2.28,3.22
202400005999,2.18,21.79
202400006063,4.04,6.01
202400006067,4.28,6.25
202400006091,2.25,1.19
202400006231,4.79,7.86
202400006234,7.47,10.93
202400006238,2.44,7.78
202400006241,7.1,10.31
202400006465,6.07,9.14
202400006484,9.48,15.65
202400006540,4.65,6.84
202400006546,5.73,2.59
202400006625,3.15,7.3
202400006689,2.66,8.04
202400006691,2.06,4.82
202400006693,6.81,7.6
202400006694,1.86,5.19
202400006697,6.2,4.33
202400006715,2.29,21.19
202400006736,7.5,15.86
202400007089,4.19,8.73
202400007093,0.84,24.65
202400007116,4.13,13.75
202400007135,0.39,24.49
202400007182,2.25,19.96
202400007300,7.06,4.46
202400007301,6.04,4.31
202400007365,7.81,8.75
202400007370,6.37,13.08
202400007377,4.01,35.83
202400007378,12.78,12.36
202400007472,3.9,3.78
202400007538,3.98,19.2
202400007590,6.55,18.2
202400007632,3.04,24.65
202400007717,5.16,13.24
202400007939,1.96,3.01
202400007941,8.17,6.31
202400008036,2.74,25.46
202400008201,6.56,22.12
202400008205,9.3,12.86
202400008320,11.82,21.31
202400008358,2.22,7.2
202400008361,9.02,7.15
202400008430,7.22,9.76
202400008463,3.55,4.61
202400008466,1.6,7.92
202400008512,1.48,5.23
202400008514,9.65,8.74
202400008616,5.56,21.56
202400008620,3.18,7.71
202400008636,4.56,12.86
202400008821,6.44,6.66
202400008823,5.26,5.69
202400008825,5.83,11.77
202400008855,2.01,4.81
202400008935,4.89,10.21
202400008936,1.49,11.22
202400008937,4.77,6.74
202400008938,7.53,4.64
202400008984,2.78,16.69
202400009038,4.8,16.97
202400009141,5.44,9.23
202400009142,2.32,4.29
202400009144,4.69,12.77
202400009146,6.5,6.34
202400009191,3.88,3.97
202400009193,6.82,9.23
202400009361,4.51,4.27
202400009363,7.91,10.32
202400009455,8.54,8.92
202400009507,6.29,14.9
202400009531,26.54,39.55
202400009668,4.69,6.66
202400009669,6.43,8.74
202400009670,4.51,6.48
202400009709,5.88,5.23
202400009711,5.47,3.61
202400009795,3.55,3.61
202400009797,4.56,6.0
202400009833,4.73,6.7
202400009961,8.22,8.38
202400010004,0.48,27.64
202400010007,4.37,17.31
202400010025,3.52,4.52
202400010267,9.62,11.62
202400010279,6.64,25.28
202400010283,9.56,17.67
202400010299,3.09,1.32
202400010342,4.36,6.33
202400010346,4.86,12.44
202400010451,1.82,1.91
202400010453,2.58,6.37
202400010516,6.68,3.4
202400010551,4.96,3.64
202400010685,12.2,23.18
202400010729,0.89,6.94
202400010731,7.12,9.43
202400010733,8.6,5.86
202400010769,3.19,7.45
202400010771,3.2,3.76
202400010773,7.13,8.05
202400010808,13.88,16.69
202400010949,5.32,4.58
202400010951,6.71,9.92
202400010965,2.04,11.01
202400011010,3.7,6.41
202400011054,1.49,24.73
202400011319,5.36,2.25
202400011340,3.55,3.69
202400011420,2.72,24.4
202400011493,11.63,11.76
202400011750,5.56,7.83
202400011881,3.67,5.7
202400011970,8.93,8.41
202400011987,7.44,14.24
202400011994,6.02,21.87
202400012156,4.74,7.97
202400012161,5.89,8.95
202400012164,3.15,7.29
202400012167,9.48,7.61
202400012228,4.24,2.57
202400012299,3.57,24.84
202400012348,4.23,6.3
202400012354,2.52,8.08
202400012436,3.14,5.94
202400012531,3.97,2.98
202400012553,7.58,8.6
202400012557,3.1,12.79
202400012560,3.88,7.57
202400012562,8.22,32.02
202400012564,4.34,6.41
202400012665,6.25,20.03
202400012684,3.79,6.73
202400012687,4.49,7.19
202400012689,4.45,5.61
202400012740,4.74,6.71
202400012833,5.43,2.24
202400012834,3.62,5.58
202400012835,5.31,8.38
202400012836,2.32,5.97
202400012861,6.05,5.27
202400012890,8.33,21.9
202400012903,2.69,22.61
202400012976,6.23,3.62
202400013057,9.46,16.95
202400013058,6.01,26.47
202400013169,5.18,3.4
202400013290,9.21,20.51
202400013309,5.8,36.19
202400013327,14.22,30.74
202400013329,8.84,15.29
202400013367,6.36,33.84
202400013512,5.17,4.16
202400013513,7.04,4.64
202400013591,6.25,8.32
202400013592,5.84,3.95
202400013659,3.92,4.71
202400013722,9.74,36.24
202400013774,4.94,19.15
202400013791,7.19,18.23
202400013885,1.85,32.01
202400014001,15.3,26.9
202400014008,5.42,10.46
202400014128,6.15,5.14
202400014179,4.31,25.54
202400014265,0.84,10.58
202400014269,3.32,2.58
202400014352,4.26,4.9
202400014478,7.28,6.62
202400014481,10.71,30.91
202400014501,7.24,27.44
202400014523,27.28,25.75
202400014528,3.3,6.0
202400014634,5.03,12.71
202400014702,1.92,4.31
202400014703,5.22,6.19
202400014746,4.36,9.11
202400014806,8.63,33.8
202400014810,5.89,31.52
202400014917,8.64,12.2
202400015033,5.99,8.06
202400015034,5.63,3.86
202400015035,6.88,4.28
202400015193,10.07,24.77
202400015195,7.54,25.56
202400015197,5.18,22.06
202400015232,1.5,4.92
202400015239,6.53,26.95
202400015286,9.59,28.54
202400015422,7.32,10.84
202400015424,2.98,15.38
202400015436,5.39,6.29
202400015544,5.6,3.74
202400015545,3.22,3.73
202400015546,2.0,7.89
202400015589,6.49,11.24
202400015590,8.48,19.23
202400015615,15.84,22.52
202400015676,6.98,30.6
202400015801,6.05,17.52
202400016018,10.38,20.0
202400016047,5.31,19.41
202400016055,1.66,17.5
202400016084,5.69,8.96
202400016170,5.86,8.05
202400016173,6.41,4.64
202400016176,7.19,9.5
202400016217,7.03,25.76
202400016389,1.6,18.08
202400016391,7.87,34.71
202400016598,0.63,7.49
202400016607,8.25,11.84
202400016637,4.08,3.98
202400016871,3.29,4.04
202400016929,2.85,4.81
202400017058,2.49,19.01
202400017067,2.49,36.51
202400017176,9.23,11.86
202400017204,4.74,8.15
202400017346,1.19,9.41
202400017418,28.32,22.28
202400017476,8.55,9.07
202400017488,0.72,19.16
202400017493,16.04,14.37
202400017520,8.41,13.04
202400017598,5.5,3.73
202400017599,5.46,3.98
202400017747,6.28,5.6
202400017804,5.39,6.43
202400017805,6.56,3.1
202400017809,4.69,11.8
202400017812,4.74,11.85
202400017816,5.25,3.46
202400017935,5.36,7.04
202400017939,4.35,8.14
202400017943,4.78,7.44
202400018002,7.92,24.58
202400018244,8.34,9.97
202400018313,10.72,9.24
202400018369,4.56,7.27
202400018458,2.65,2.13
202400018755,9.42,12.91
202400018797,14.74,13.07
202400018833,3.53,5.03
202400019161,6.44,5.02
202400019221,5.21,7.38
202400019303,5.13,21.13
202400019306,4.94,21.25
202400019354,5.99,33.29
202400019392,10.42,20.04
202400019421,7.11,23.58
202400019604,2.54,7.92
202400019606,3.77,3.83
202400019618,10.89,21.92
202400019660,8.8,10.59
202400019965,4.46,23.51
202400020033,6.04,6.78
202400020132,7.29,9.63
202400020188,1.96,3.01
202400020294,7.22,13.94
202400020297,4.01,3.28
202400020300,4.25,4.1
202400020302,3.32,5.28
202400020305,3.65,2.91
202400020308,5.89,4.0
202400020352,7.11,11.33
202400020353,3.67,4.83
202400020355,5.18,6.21
202400020515,5.25,6.4
202400020553,3.92,12.62
202400020571,5.34,3.46
202400020681,6.09,4.32
202400020717,3.27,4.78
202400020745,3.49,5.65
202400020746,6.72,10.05
202400020784,11.35,9.81
202400020790,5.64,19.23
202400020942,4.53,12.92
202400021001,12.52,10.76
202400021037,6.73,27.6
202400021077,12.34,31.51
202400021119,5.8,19.83
202400021173,7.11,11.65
202400021177,9.21,9.94
202400021263,6.67,9.97
202400021352,5.15,7.46
202400021354,3.62,10.9
202400021423,9.59,10.57
202400021427,6.57,10.13
202400021437,0.67,25.24
202400021483,7.16,4.76
202400021503,5.42,2.31
202400021504,5.24,10.53
202400021554,5.11,21.75
202400021587,4.44,19.65
202400021632,9.73,12.07
202400021634,14.08,33.03
202400021774,1.78,23.2
202400021810,7.92,11.2
202400021813,6.94,15.31
202400021814,6.45,8.76
202400021819,3.67,5.64
202400021859,4.05,8.69
202400021861,5.49,10.37
202400021928,0.39,25.83
202400021933,7.24,14.35
202400021970,12.05,9.44
202400021974,6.18,11.24
202400022041,7.75,15.04
202400022103,8.94,28.03
202400022175,5.42,4.68
202400022177,4.54,6.5
202400022223,6.39,11.85
202400022334,4.7,3.64
202400022411,4.19,6.82
202400022448,9.26,20.0
202400022452,4.88,11.99
202400022558,3.76,5.73
202400022559,3.96,5.93
202400022560,4.89,5.99
202400022561,6.63,4.76
202400022579,3.92,7.31
202400022580,4.87,1.76
202400022601,3.12,8.77
202400022604,6.85,10.0
202400022640,3.38,24.87
202400022641,13.28,10.67
202400022721,6.93,6.52
202400022844,3.95,5.92
202400022845,6.76,9.97
202400022899,4.07,11.24
202400022901,3.13,5.95
202400023047,8.06,28.59
202400023085,1.42,1.92
202400023087,7.57,12.2
202400023092,5.31,8.78
202400023094,6.72,5.99
202400023096,4.06,5.04
202400023189,7.22,9.53
202400023273,10.46,19.95
202400023348,2.95,5.02
202400023379,6.62,6.44
202400023381,6.37,9.9
202400023447,3.46,12.6
202400023448,7.09,7.83
202400023600,6.74,10.38
202400023694,1.12,15.46
202400023820,8.39,19.24
202400023854,10.03,13.88
202400023950,14.26,21.38
202400023964,5.64,7.98
202400023969,4.72,6.72
202400024008,5.36,8.1
202400024015,5.96,8.37
202400024019,1.2,8.38
202400024217,4.69,20.68
202400024260,8.56,35.86
202400024280,4.67,13.83
202400024283,4.31,22.53
202400024301,4.8,19.55
202400024382,1.33,18.61
202400024389,6.69,25.21
202400024520,6.93,4.28
202400024522,3.21,5.18
202400024525,6.5,5.16
202400024580,6.74,3.28
202400024611,5.11,12.03
202400024615,3.71,3.12
202400024616,6.36,17.19
202400024786,6.18,7.16
202400024787,6.4,5.87
202400024969,2.74,1.08
202400024972,4.21,5.18
202400025003,13.02,30.54
202400025023,3.78,11.46
202400025043,4.48,2.97
202400025127,7.7,11.16
202400025149,5.01,1.1
202400025231,7.76,11.99
202400025255,3.98,7.5
202400025270,8.68,14.86
202400025272,0.61,24.03
202400025294,1.39,21.0
202400025323,2.89,10.07
202400025470,4.49,16.73
202400025480,9.12,10.63
202400025502,3.43,5.4
202400025504,4.6,64.99
202400025505,1.54,9.2
202400025506,5.62,8.68
202400025510,11.49,12.47
202400025563,2.12,6.06
202400025565,4.89,9.39
202400025569,5.48,8.18
202400025707,9.75,16.7
202400025784,3.85,5.71
202400025787,4.9,7.72
202400025789,7.23,4.62
202400025850,4.42,9.33
202400025853,4.52,5.43
202400025886,5.52,13.2
202400025890,5.79,4.31
202400025892,4.38,4.28
202400025896,5.21,8.0
202400025978,5.32,3.2
202400025985,2.45,14.42
202400025986,3.96,6.57
202400025988,6.54,17.43
202400025995,3.14,3.66
202400026031,5.9,7.97
202400026033,3.71,4.37
202400026053,2.82,13.96
202400026118,2.92,4.28
202400026128,7.28,14.99
202400026229,3.27,6.81
202400026248,7.44,8.82
202400026353,12.14,21.11
202400026488,4.78,3.74
202400026536,4.3,22.87
202400026721,4.2,5.18
202400026941,3.24,30.4
202400026949,11.9,19.4
202400027078,4.56,6.53
202400027080,4.39,8.98
202400027098,4.39,4.03
202400027175,5.16,20.73
202400027285,5.83,3.96
202400027287,5.65,8.51
202400027289,1.97,10.19
202400027291,3.18,3.82
202400027294,7.78,8.75
202400027390,3.66,5.63
202400027393,6.3,6.14
202400027425,5.54,4.31
202400027431,0.85,10.58
202400027457,3.0,4.92
202400027461,6.58,7.36
202400027477,4.15,6.86
202400027481,4.9,8.23
202400027487,2.92,8.31
202400027521,7.96,11.52
202400027570,3.62,8.44
202400027584,2.85,5.56
202400027655,1.29,6.88
202400027667,9.08,28.03
202400027671,2.87,19.46
202400027801,4.57,6.54
202400027925,2.74,5.44
202400027926,1.79,3.76
202400027931,6.1,9.16
202400028098,17.32,15.27
202400028137,12.16,23.77
202400028254,18.32,19.82
202400028269,12.6,27.1
202400028345,8.67,20.19
202400028402,7.53,4.89
202400028506,9.29,7.42
202400028600,8.78,23.29
202400028603,4.28,6.24
202400028644,3.3,5.44
202400028710,12.26,12.11
202400028806,5.01,14.09
202400028863,4.11,24.82
202400028997,12.42,26.04
202400029065,8.34,8.62
202400029102,3.38,3.38
202400029180,4.82,3.04
202400029182,7.5,12.52
202400029183,6.72,6.2
202400029223,2.83,7.66
202400029295,4.27,8.07
202400029439,4.72,9.4
202400029440,3.76,6.66
202400029442,7.01,10.98
202400029492,4.9,9.4
202400029494,6.17,10.78
202400029495,2.77,6.63
202400029626,9.41,14.68
202400029685,6.86,9.99
202400029722,11.62,14.92
202400029794,2.78,18.7
202400029838,16.65,23.21
202400029851,6.45,24.22
202400030034,4.7,14.92
202400030043,18.78,14.82
202400030064,20.85,19.18
202400030087,6.53,21.82
202400030120,4.79,10.77
202400030155,0.82,9.81
202400030172,5.3,8.81
202400030239,3.17,9.49
202400030240,0.96,5.9
202400030242,1.92,2.5
202400030284,4.82,2.82
202400030325,8.51,8.09
202400030445,3.62,7.06
202400030498,11.67,9.06
202400030571,5.71,11.22
202400030597,0.91,12.01
202400030605,10.91,11.28
202400030629,9.07,9.07
202400030640,14.61,17.22
202400030731,5.11,10.8
202400030732,6.24,5.4
202400030735,3.36,4.62
202400030770,4.02,5.97
202400030771,5.62,8.06
202400030798,4.75,9.66
202400030803,6.57,8.27
202400030970,6.77,22.52
202400030984,2.94,2.94
202400030986,4.96,15.48
202400031014,7.45,38.94
202400031221,8.18,21.14
202400031333,2.71,7.89
202400031362,4.26,8.31
202400031388,6.72,9.13
202400031545,4.71,13.23
202400031653,5.4,7.47
202400031686,1.27,8.2
202400031847,1.76,3.73
202400031858,3.89,20.68
202400031876,2.04,16.4
202400031882,6.3,10.72
202400031887,4.26,6.22
202400031905,4.82,19.37
202400031912,5.6,16.0
202400031917,15.06,38.48
202400031983,5.24,7.89
202400031986,5.8,3.63
202400032069,6.46,7.49
202400032070,7.3,4.7
202400032097,5.87,11.15
202400032099,4.75,12.82
202400032102,4.05,3.87
202400032104,4.52,6.49
202400032106,3.14,7.31
202400032108,7.48,10.94
202400032110,5.23,7.2
202400032112,1.86,8.18
202400032154,4.75,7.55
202400032157,3.06,5.86
202400032159,4.36,4.59
202400032219,10.05,20.12
202400032375,2.0,9.19
202400032376,6.36,8.67
202400032377,2.13,9.29
202400032409,4.77,5.78
202400032410,6.98,6.76
202400032446,12.78,24.38
202400032470,12.45,31.4
202400032627,3.86,5.83
202400032630,4.89,7.77
202400032632,5.19,3.46
202400032655,5.36,26.82
202400032673,4.99,7.51
202400032683,12.63,16.37
202400032764,8.66,31.52
202400032885,4.66,6.1
202400032888,2.99,7.6
202400032890,4.49,3.26
202400032892,4.99,8.76
202400032919,7.06,4.81
202400032921,1.8,2.85
202400032923,3.34,4.65
202400032951,3.99,3.73
202400032952,4.19,3.24
202400032969,4.9,6.6
202400033043,2.07,28.85
202400033115,2.37,5.39
202400033271,7.15,21.85
202400033282,12.45,25.29
202400033297,5.04,12.78
202400033299,2.51,4.78
202400033303,4.56,6.53
202400033331,4.41,25.28
202400033336,2.2,9.85
202400033339,9.98,10.96
202400033343,6.85,12.56
202400033348,12.2,11.88
202400033401,6.2,12.47
202400033465,8.75,19.27
202400033556,34.05,41.0
202400033646,4.88,5.6
202400033648,5.36,6.07
202400033652,4.45,2.67
202400033654,5.63,8.17
202400033658,5.69,7.69
202400033676,3.33,3.51
202400033811,5.02,4.01
202400033815,5.34,11.96
202400033818,2.93,8.3
202400033915,5.74,12.66
202400033941,4.24,2.95
202400033943,5.85,4.08
202400034037,6.76,9.97
202400034039,6.46,4.55
202400034080,3.22,4.54
202400034081,5.87,6.69
202400034150,7.44,30.8
202400034203,0.46,23.12
202400034216,1.4,28.54
202400034237,4.42,4.42
202400034240,4.99,8.69
202400034242,7.43,10.89
202400034245,4.58,7.48
202400034298,3.11,3.86
202400034300,5.88,8.8
202400034381,4.33,9.67
202400034545,6.0,8.56
202400034593,4.85,5.64
202400034777,0.97,10.71
202400034779,4.0,6.08
202400034821,3.94,11.12
202400034824,2.44,5.14
202400034841,6.62,11.81
202400034843,3.1,5.07
202400034845,12.23,10.36
202400034886,1.87,5.06
202400034944,7.88,9.7
202400035033,6.8,9.75
202400035044,2.62,18.95
202400035047,6.1,19.69
202400035108,6.1,27.72
202400035162,13.57,14.17
202400035176,2.68,29.48
202400035181,20.99,19.32
202400035195,5.3,38.76
202400035230,11.45,19.55
202400035354,7.26,11.48
202400035358,5.64,4.91
202400035381,3.48,5.45
202400035384,6.96,9.27
202400035482,9.21,18.78
202400035483,1.75,8.84
202400035486,4.42,6.39
202400035491,3.32,4.19
202400035637,3.83,6.29
202400035642,4.58,5.36
202400035666,8.7,26.53
202400035667,6.38,25.08
202400035669,4.92,11.84
202400035680,7.98,5.5
202400035813,6.79,7.52
202400035877,7.76,6.98
202400035887,8.75,19.35
202400035889,7.31,26.42
202400035901,6.28,3.88
202400035903,3.1,4.6
202400036001,10.27,7.66
202400036037,7.29,16.28
202400036062,4.46,8.03
202400036063,3.59,4.57
202400036092,8.49,10.42
202400036163,4.31,7.01
202400036199,8.78,9.76
202400036253,8.03,11.82
202400036255,6.15,6.18
202400036310,8.99,27.82
202400036312,14.87,12.83
202400036497,10.44,22.04
202400036510,11.3,19.82
202400036513,2.55,10.8
202400036543,0.99,3.3
202400036644,7.93,5.18
202400036647,4.37,2.2
202400036744,5.83,9.16
202400036746,4.72,2.84
202400036821,6.98,14.3
202400036859,11.09,27.39
202400036972,10.99,23.08
202400037131,2.44,10.98
202400037253,1.88,8.2
202400037357,4.0,3.25
202400037375,2.69,7.14
202400037380,4.89,5.64
202400037537,11.1,18.02
202400037589,11.99,9.38
202400037647,4.96,6.06
202400037676,2.8,11.05
202400037678,3.64,5.61
202400037681,3.31,4.02
202400037683,1.74,8.07
202400037685,8.49,4.95
202400037710,21.02,19.35
202400037748,4.0,14.22
202400037750,7.92,11.77
202400037935,4.24,11.88
202400037937,4.45,8.68
202400037939,4.31,6.28
202400037941,5.29,2.68
202400037944,4.49,1.88
202400038000,3.31,5.66
202400038004,4.76,1.84
202400038031,5.74,8.8
202400038093,2.47,7.84
202400038103,3.66,14.31
202400038169,4.25,8.21
202400038172,6.42,4.94
202400038355,4.06,2.6
202400038387,4.34,5.3
202400038390,5.37,12.24
202400038394,6.1,11.01
202400038396,6.45,5.72
202400038401,9.54,13.66
202400038436,3.98,7.77
202400038437,5.28,6.36
202400038835,5.92,8.96
202400038836,2.07,10.91
202400038907,6.72,7.46
202400039105,1.92,5.67
202400039123,5.75,8.82
202400039144,0.94,20.11
202400039145,8.92,18.56
202400039188,11.66,16.41
202400039324,6.88,25.81
202400039412,7.12,4.51
202400039468,8.81,12.1
202400039469,3.77,3.02
202400039496,5.68,17.11
202400039497,5.02,12.2
202400039499,3.22,6.02
202400039501,4.3,7.55
202400039503,4.82,3.86
202400039506,2.9,4.19
202400039508,7.21,11.0
202400039563,9.11,18.75
202400039658,11.42,21.8
202400039677,13.3,27.74
202400039714,5.93,30.89
202400039756,5.2,21.53
202400039875,3.94,8.19
202400039892,1.96,4.76
202400039979,3.51,8.25
202400039984,2.04,7.42
202400039993,6.26,15.56
202400040068,7.23,30.95
202400040221,7.97,10.09
202400040223,5.68,8.88
202400040230,5.29,3.56
202400040323,14.32,11.72
202400040331,7.78,28.87
202400040391,2.41,23.96
202400040471,4.58,7.54
202400040596,4.58,6.55
202400040598,3.32,5.3
202400040602,5.88,4.01
202400040603,4.74,7.06
202400040605,4.71,8.06
202400040645,6.96,8.09
202400040717,7.45,16.94
202400040719,11.32,8.71
202400040772,2.47,26.27
202400040796,4.03,5.35
202400040838,5.87,5.15
202400040869,2.85,5.55
202400040870,4.65,3.69
202400040916,6.26,11.7
202400040933,2.4,11.66
202400040936,4.68,6.65
202400040938,7.88,10.34
202400041065,3.05,6.84
202400041191,7.28,5.14
202400041195,2.86,10.46
202400041220,16.97,27.04
202400041346,8.23,10.1
202400041353,17.38,15.71
202400041512,3.47,18.41
202400041514,8.52,7.76
202400041567,1.07,18.87
202400041590,5.06,5.71
202400041601,28.62,23.3
202400041675,2.13,9.3
202400041784,12.87,29.67
202400041785,4.04,3.89
202400041788,6.72,20.73
202400041791,1.0,3.31
202400042003,1.85,4.64
202400042004,6.12,9.45
202400042070,5.34,9.62
202400042199,2.82,27.13
202400042320,6.32,16.66
202400042378,5.89,8.2
202400042379,7.03,4.42
202400042390,15.18,12.44
202400042469,4.33,31.86
202400042543,4.92,7.0
202400042576,1.54,18.52
202400042596,6.0,5.87
202400042817,4.29,13.34
202400042868,7.47,5.48
202400042955,3.48,13.37
202400042995,16.56,22.41
202400042999,11.94,23.54
202400043133,4.32,23.41
202400043282,9.41,35.01
202400043293,6.66,28.07
202400043339,6.8,6.28
202400043375,3.3,24.68
202400043475,13.94,11.34
202400043517,10.0,16.92
202400043522,13.79,28.06
202400043547,1.27,22.65
202400043571,8.99,12.92
202400043655,6.67,11.74
202400043788,4.94,7.73
202400043859,5.16,7.37
202400043862,1.21,10.95
202400043865,6.96,5.18
202400043868,4.02,5.99
202400043871,5.05,3.18
202400043934,3.71,3.66
202400043964,0.86,16.73
202400044015,15.06,26.66
202400044028,7.42,22.29
202400044059,6.46,33.22
202400044063,5.86,10.47
202400044091,7.51,15.55
202400044145,4.59,6.56
202400044227,8.29,13.24
202400044411,12.95,32.47
202400044415,2.49,13.46
202400044418,6.92,9.22
202400044422,4.86,7.13
202400044427,6.47,10.83
202400044429,3.95,5.92
202400044434,8.13,9.42
202400044515,3.25,3.81
202400044577,4.57,13.86
202400044580,2.11,5.24
202400044583,2.06,5.19
202400044649,5.32,11.98
202400044651,4.5,2.73
202400044654,3.82,7.52
202400044656,6.5,8.81
202400044657,5.09,5.74
202400044660,7.32,6.81
202400044743,3.84,8.06
202400044745,4.87,11.78
202400045059,11.31,16.36
202400045098,5.02,3.43
202400045210,4.96,6.29
202400045225,5.96,8.35
202400045285,3.89,14.38
202400045291,8.53,16.6
202400045478,6.42,8.73
202400045518,6.09,8.4
202400045523,2.6,8.7
202400045528,6.56,8.66
202400045597,4.66,4.47
202400045630,4.97,16.86
202400045641,2.6,8.92
202400045647,7.01,7.98
202400045684,11.55,24.58
202400045729,3.14,5.94
202400045848,9.51,12.06
202400045881,14.35,15.18
202400045939,5.84,38.22
202400045944,2.68,20.5
202400045957,1.13,20.34
202400046011,14.13,17.07
202400046037,4.82,11.99
202400046242,3.01,5.81
202400046284,4.02,8.08
202400046311,5.16,22.62
202400046406,7.7,30.0
202400046409,8.4,19.62
202400046445,4.69,21.06
202400046452,4.02,12.92
202400046545,1.05,5.59
202400046547,7.08,10.32
202400046617,4.76,11.88
202400046713,4.29,9.82
202400046716,5.19,3.42
202400046719,3.59,9.91
202400046772,6.11,8.23
202400046950,4.76,4.03
202400046953,7.14,4.74
202400047034,3.67,4.42
202400047037,5.82,6.61
202400047050,4.98,20.35
202400047117,4.44,5.9
202400047153,3.74,9.5
202400047170,2.72,6.47
202400047212,3.71,7.97
202400047216,7.49,6.07
202400047310,14.01,31.94
202400047361,6.49,5.01
202400047432,7.63,8.64
202400047437,3.12,7.35
202400047444,3.97,5.94
202400047513,5.61,7.61
202400047517,4.89,7.72
202400047523,2.72,4.69
202400047618,14.67,21.78
202400047645,6.75,9.96
202400047662,3.92,6.63
202400047667,0.41,5.84
202400047687,11.85,23.71
202400047776,7.15,9.86
202400047890,8.89,20.55
202400047933,5.58,8.9
202400047938,4.21,4.39
202400047950,10.58,7.98
202400048016,3.71,15.41
202400048133,6.35,7.08
202400048232,2.96,22.4
202400048452,6.21,5.2
202400048467,7.05,11.5
202400048637,20.54,18.87
202400048752,0.48,7.62
202400048761,13.66,11.06
202400048770,6.34,9.54
202400048800,3.18,1.72
202400048824,6.57,18.85
202400048847,13.1,13.47
202400048864,4.92,5.64
202400048869,4.69,7.66
202400048966,5.56,12.16
202400049005,5.06,7.73
202400049216,8.46,28.46
202400049230,4.92,6.89
202400049237,9.88,10.26
202400049287,6.01,14.22
202400049324,2.63,28.31
202400049429,2.46,14.1
202400049519,9.19,16.11
202400049616,7.52,20.56
202400049626,1.0,11.05
202400049657,3.7,24.6
202400049772,6.91,27.9
202400049781,6.61,25.85
202400049787,4.04,3.79
202400049832,10.16,10.89
202400049906,4.02,8.06
202400049917,7.0,9.77
202400049972,2.47,27.22
202400050084,8.27,15.94
202400050089,5.83,7.93
202400050098,1.03,3.1
202400050105,6.64,4.03
202400050136,12.68,16.54
202400050185,6.91,11.96
202400050260,3.35,6.14
202400050313,15.96,27.56
202400050400,5.71,13.78
202400050406,8.35,24.04
202400050432,7.44,34.24
202400050438,16.54,27.57
202400050477,18.59,19.57
202400050638,2.78,8.16
202400050642,4.07,8.29
202400050646,14.09,11.48
202400050647,2.2,7.64
202400050723,5.78,22.77
202400050759,6.3,5.56
202400050771,5.21,7.18
202400050775,4.93,1.03
202400050803,4.16,11.34
202400050818,4.4,6.4
202400050839,5.95,8.14
202400050865,4.12,14.61
202400050878,4.84,6.36
202400050882,7.3,24.1
202400051058,4.59,1.38
202400051063,8.32,11.86
202400051154,6.1,5.1
202400051170,4.66,6.63
202400051218,2.76,5.25
202400051226,1.89,15.48
202400051228,5.81,6.78
202400051237,7.62,6.94
202400051266,8.64,24.06
202400051361,9.96,23.08
202400051442,7.25,5.79
202400051447,1.81,1.23
202400051464,6.37,23.47
202400051481,3.24,5.16
202400051592,6.18,66.57
202400051641,5.26,6.53
202400051712,2.48,7.46
202400051724,6.06,10.91
202400051900,4.43,7.34
202400051904,2.19,26.02
202400051910,10.63,12.76
202400051968,6.06,4.77
202400051977,4.04,5.01
202400052055,4.08,3.99
202400052195,3.11,5.82
202400052232,5.06,5.71
202400052239,6.36,6.6
202400052250,7.24,5.46
202400052317,7.1,10.56
202400052326,7.59,4.98
202400052501,14.99,15.97
202400052564,6.26,4.78
202400052567,3.55,6.97
202400052613,5.41,8.02
202400052650,2.86,1.98
202400052834,9.52,31.13
202400052840,6.09,6.87
202400052848,5.89,5.15
202400052947,5.34,37.57
202400053034,4.74,8.49
202400053079,11.98,8.59
202400053226,5.74,10.92
202400053314,8.34,12.95
202400053338,2.21,4.92
202400053349,3.31,10.52
202400053360,5.15,7.22
202400053375,6.94,6.34
202400053408,8.73,28.69
202400053519,2.53,6.57
202400053524,5.78,7.71
202400053527,6.22,6.11
202400053538,3.88,5.83
202400053580,7.91,21.71
202400053583,4.87,3.43
202400053588,9.81,20.0
202400053595,5.36,2.08
202400053610,3.12,3.87
202400053679,11.97,10.22
202400053705,18.83,26.27
202400053782,5.71,5.93
202400053966,6.3,29.61
202400053993,4.51,3.52
202400054005,4.99,7.51
202400054021,5.12,7.91
202400054108,8.69,16.35
202400054204,4.73,5.89
202400054215,8.29,6.86
202400054254,3.59,2.86
202400054262,5.7,5.61
202400054271,2.29,8.31
202400054360,4.86,5.96
202400054363,4.04,15.17
